employee_id,prediction,probability,risk_level
100006,NO,28.11,LOW
100007,YES,97.68,HIGH
100009,NO,46.21,MEDIUM
100013,YES,74.77,HIGH
100018,NO,4.01,LOW
100019,NO,17.93,LOW
100020,NO,42.47,MEDIUM
100021,NO,48.83,MEDIUM
100031,NO,28.2,LOW
100034,NO,22.14,LOW
100037,NO,1.41,LOW
100041,NO,1.52,LOW
100042,NO,7.77,LOW
100044,NO,38.35,LOW
100050,NO,4.51,LOW
100052,NO,14.05,LOW
100053,YES,50.36,MEDIUM
100054,NO,14.25,LOW
100056,NO,28.21,LOW
100060,YES,54.65,MEDIUM
100063,NO,34.92,LOW
100067,NO,18.54,LOW
100070,NO,40.97,MEDIUM
100072,NO,13.2,LOW
100075,YES,54.47,MEDIUM
100081,NO,14.58,LOW
100087,NO,31.97,LOW
100091,NO,1.05,LOW
100092,NO,10.97,LOW
100104,YES,78.73,HIGH
100111,NO,2.63,LOW
100114,NO,12.06,LOW
100116,NO,9.67,LOW
100122,YES,61.71,MEDIUM
100125,NO,39.55,LOW
100128,YES,72.79,HIGH
100130,YES,57.79,MEDIUM
100138,NO,1.33,LOW
100143,YES,55.04,MEDIUM
100149,NO,5.89,LOW
100153,NO,7.23,LOW
100156,YES,77.99,HIGH
100158,NO,15.68,LOW
100160,NO,13.89,LOW
100161,NO,13.92,LOW
100169,YES,90.95,HIGH
100170,NO,2.13,LOW
100172,NO,19.77,LOW
100173,NO,42.77,MEDIUM
100174,YES,98.8,HIGH
100175,NO,1.16,LOW
100177,NO,45.91,MEDIUM
100178,NO,4.42,LOW
100179,YES,61.58,MEDIUM
100180,YES,50.9,MEDIUM
100181,NO,5.92,LOW
100185,YES,88.57,HIGH
100186,YES,73.3,HIGH
100200,YES,53.36,MEDIUM
100204,NO,5.42,LOW
100205,NO,19.44,LOW
100208,NO,16.86,LOW
100209,NO,34.47,LOW
100213,NO,11.94,LOW
100214,NO,11.23,LOW
100219,NO,1.1,LOW
100221,NO,0.87,LOW
100223,YES,56.31,MEDIUM
100225,NO,23.89,LOW
100226,YES,76.93,HIGH
100230,NO,30.24,LOW
100234,YES,95.53,HIGH
100235,NO,1.59,LOW
100240,NO,2.13,LOW
100242,NO,4.25,LOW
100246,NO,10.37,LOW
100248,NO,26.93,LOW
100249,YES,94.03,HIGH
100252,YES,81.4,HIGH
100255,NO,20.62,LOW
100257,NO,9.7,LOW
100259,NO,22.69,LOW
100260,NO,28.58,LOW
100263,NO,8.23,LOW
100266,NO,13.93,LOW
100267,NO,0.84,LOW
100270,YES,60.95,MEDIUM
100271,YES,94.85,HIGH
100273,NO,15.09,LOW
100277,NO,3.97,LOW
100279,YES,50.03,MEDIUM
100290,NO,6.45,LOW
100292,NO,8.51,LOW
100293,NO,33.8,LOW
100295,NO,14.92,LOW
100299,YES,56.51,MEDIUM
100300,NO,2.46,LOW
100315,NO,35.48,LOW
100317,NO,18.73,LOW
100319,NO,23.7,LOW
100321,NO,22.58,LOW
100322,YES,98.91,HIGH
100324,NO,3.51,LOW
100330,NO,5.69,LOW
100332,NO,17.28,LOW
100334,YES,66.02,MEDIUM
100336,YES,55.4,MEDIUM
100339,YES,74.61,HIGH
100340,NO,1.37,LOW
100343,YES,50.55,MEDIUM
100344,NO,25.57,LOW
100347,NO,5.25,LOW
100351,NO,37.87,LOW
100355,NO,1.36,LOW
100356,NO,37.9,LOW
100359,NO,27.17,LOW
100364,NO,3.69,LOW
100369,NO,5.74,LOW
100373,YES,89.75,HIGH
100374,YES,87.37,HIGH
100375,NO,22.63,LOW
100380,YES,53.24,MEDIUM
100383,NO,12.91,LOW
100386,YES,89.87,HIGH
100387,NO,21.16,LOW
100388,NO,12.34,LOW
100389,NO,42.86,MEDIUM
100391,NO,25.09,LOW
100394,NO,10.31,LOW
100395,NO,23.77,LOW
100398,NO,5.13,LOW
100402,YES,56.32,MEDIUM
100403,NO,2.08,LOW
100404,NO,29.72,LOW
100405,YES,90.1,HIGH
100408,NO,21.67,LOW
100409,YES,85.4,HIGH
100414,NO,22.84,LOW
100420,NO,1.82,LOW
100424,YES,59.23,MEDIUM
100426,NO,3.42,LOW
100430,NO,7.07,LOW
100431,YES,82.97,HIGH
100433,YES,95.89,HIGH
100441,NO,25.19,LOW
100442,NO,27.18,LOW
100443,NO,4.86,LOW
100445,YES,66.77,MEDIUM
100446,NO,38.63,LOW
100447,NO,8.62,LOW
100449,NO,33.93,LOW
100450,NO,20.96,LOW
100457,NO,17.33,LOW
100459,YES,94.57,HIGH
100460,YES,76.44,HIGH
100465,YES,62.03,MEDIUM
100471,NO,16.41,LOW
100475,YES,74.87,HIGH
100490,NO,3.79,LOW
100491,NO,17.65,LOW
100492,NO,4.21,LOW
100493,NO,26.12,LOW
100498,NO,49.82,MEDIUM
100501,NO,45.37,MEDIUM
100507,YES,53.14,MEDIUM
100515,NO,49.04,MEDIUM
100521,NO,28.43,LOW
100522,YES,95.92,HIGH
100529,YES,80.0,HIGH
100533,NO,8.46,LOW
100534,YES,94.21,HIGH
100542,NO,5.1,LOW
100544,NO,1.7,LOW
100548,NO,10.29,LOW
100550,NO,5.47,LOW
100554,NO,16.63,LOW
100556,NO,2.17,LOW
100559,NO,14.34,LOW
100560,YES,66.61,MEDIUM
100561,NO,32.0,LOW
100562,NO,0.44,LOW
100566,YES,83.93,HIGH
100568,NO,13.13,LOW
100570,YES,86.8,HIGH
100576,NO,1.11,LOW
100579,NO,17.9,LOW
100581,NO,9.49,LOW
100583,NO,2.38,LOW
100588,YES,63.36,MEDIUM
100589,NO,1.55,LOW
100592,YES,79.8,HIGH
100594,YES,93.58,HIGH
100596,NO,22.69,LOW
100598,NO,43.17,MEDIUM
100601,NO,5.35,LOW
100603,NO,24.21,LOW
100609,NO,4.9,LOW
100613,NO,8.89,LOW
100614,NO,49.88,MEDIUM
100619,NO,4.38,LOW
100620,NO,3.37,LOW
100621,YES,53.04,MEDIUM
100625,NO,16.95,LOW
100627,NO,35.48,LOW
100630,YES,74.04,HIGH
100636,NO,10.19,LOW
100637,NO,39.51,LOW
100638,YES,61.6,MEDIUM
100640,YES,84.46,HIGH
100645,YES,61.6,MEDIUM
100647,YES,55.0,MEDIUM
100648,NO,18.57,LOW
100649,YES,59.36,MEDIUM
100653,NO,10.1,LOW
100656,YES,56.75,MEDIUM
100659,NO,14.73,LOW
100660,NO,0.73,LOW
100664,NO,43.71,MEDIUM
100668,NO,2.95,LOW
100669,NO,0.16,LOW
100671,YES,91.72,HIGH
100672,YES,75.3,HIGH
100674,NO,3.14,LOW
100677,YES,79.83,HIGH
100679,NO,11.84,LOW
100680,NO,1.68,LOW
100681,NO,2.53,LOW
100686,NO,37.36,LOW
100692,NO,10.65,LOW
100694,YES,74.68,HIGH
100703,NO,3.04,LOW
100704,NO,46.03,MEDIUM
100705,NO,42.01,MEDIUM
100711,NO,36.45,LOW
100713,NO,7.5,LOW
100715,NO,29.19,LOW
100717,NO,32.34,LOW
100718,YES,83.19,HIGH
100719,YES,74.39,HIGH
100721,NO,11.6,LOW
100723,YES,67.43,MEDIUM
100724,NO,23.82,LOW
100726,NO,28.09,LOW
100727,YES,93.59,HIGH
100729,NO,42.06,MEDIUM
100733,NO,24.54,LOW
100737,NO,3.03,LOW
100738,NO,33.33,LOW
100740,NO,3.32,LOW
100744,YES,73.29,HIGH
100745,NO,20.78,LOW
100748,NO,37.73,LOW
100749,NO,20.51,LOW
100763,NO,40.47,MEDIUM
100766,NO,1.33,LOW
100769,NO,6.29,LOW
100772,NO,5.56,LOW
100775,NO,42.1,MEDIUM
100777,YES,60.66,MEDIUM
100778,YES,68.58,MEDIUM
100779,NO,1.65,LOW
100782,YES,81.06,HIGH
100785,YES,60.93,MEDIUM
100793,NO,10.58,LOW
100796,YES,72.12,HIGH
100799,NO,6.71,LOW
100802,YES,97.95,HIGH
100804,NO,2.1,LOW
100815,NO,41.21,MEDIUM
100816,NO,20.3,LOW
100820,NO,43.46,MEDIUM
100823,NO,7.84,LOW
100828,NO,32.32,LOW
100829,NO,3.05,LOW
100837,NO,2.83,LOW
100839,NO,13.68,LOW
100840,NO,3.32,LOW
100841,NO,6.29,LOW
100850,NO,4.35,LOW
100851,NO,41.65,MEDIUM
100856,YES,53.04,MEDIUM
100859,NO,39.81,LOW
100861,NO,45.59,MEDIUM
100862,NO,2.96,LOW
100865,YES,87.9,HIGH
100871,NO,11.55,LOW
100875,NO,27.8,LOW
100881,NO,10.6,LOW
100884,NO,10.42,LOW
100888,YES,95.95,HIGH
100890,NO,5.37,LOW
100891,YES,76.88,HIGH
100895,YES,60.29,MEDIUM
100896,NO,2.56,LOW
100901,YES,95.04,HIGH
100905,NO,49.71,MEDIUM
100908,YES,75.77,HIGH
100909,YES,55.37,MEDIUM
100910,NO,27.78,LOW
100919,NO,6.03,LOW
100922,NO,43.55,MEDIUM
100926,NO,1.12,LOW
100928,NO,37.14,LOW
100929,NO,6.42,LOW
100930,NO,4.41,LOW
100931,NO,25.5,LOW
100938,NO,42.18,MEDIUM
100939,NO,23.48,LOW
100946,NO,8.73,LOW
100954,NO,6.2,LOW
100955,YES,83.95,HIGH
100956,NO,38.99,LOW
100959,NO,3.96,LOW
100960,YES,51.84,MEDIUM
100961,NO,31.98,LOW
100967,NO,11.85,LOW
100972,NO,40.64,MEDIUM
100973,NO,2.35,LOW
100974,YES,94.38,HIGH
100976,NO,3.79,LOW
100977,NO,1.59,LOW
100979,YES,66.95,MEDIUM
100981,NO,2.05,LOW
100983,YES,84.74,HIGH
100984,YES,75.05,HIGH
100986,NO,5.13,LOW
100988,YES,92.41,HIGH
100989,NO,16.68,LOW
100994,NO,37.09,LOW
100999,NO,1.06,LOW
101000,NO,21.5,LOW
101001,NO,1.67,LOW
101005,YES,86.59,HIGH
101006,NO,17.03,LOW
101007,NO,36.27,LOW
101009,NO,9.56,LOW
101010,NO,3.84,LOW
101015,YES,60.71,MEDIUM
101017,YES,66.05,MEDIUM
101018,NO,21.08,LOW
101019,YES,72.1,HIGH
101021,YES,71.55,HIGH
101025,NO,44.28,MEDIUM
101028,YES,75.77,HIGH
101033,NO,4.45,LOW
101041,NO,11.83,LOW
101042,NO,6.84,LOW
101044,NO,20.07,LOW
101052,NO,13.16,LOW
101054,NO,22.2,LOW
101055,YES,97.97,HIGH
101057,NO,30.78,LOW
101058,NO,39.45,LOW
101066,NO,22.54,LOW
101070,NO,3.61,LOW
101071,NO,3.65,LOW
101075,NO,0.37,LOW
101076,YES,91.82,HIGH
101083,NO,49.7,MEDIUM
101086,NO,16.8,LOW
101088,NO,22.13,LOW
101091,YES,61.05,MEDIUM
101092,YES,60.75,MEDIUM
101093,NO,31.75,LOW
101094,YES,84.6,HIGH
101099,NO,0.83,LOW
101103,NO,1.15,LOW
101104,NO,7.2,LOW
101105,NO,6.66,LOW
101107,NO,15.17,LOW
101111,NO,9.86,LOW
101114,NO,2.59,LOW
101117,NO,19.91,LOW
101119,NO,5.83,LOW
101120,NO,5.24,LOW
101124,NO,16.96,LOW
101125,NO,1.34,LOW
101136,NO,32.59,LOW
101142,YES,80.95,HIGH
101143,NO,35.21,LOW
101144,NO,15.82,LOW
101145,NO,8.15,LOW
101147,YES,58.03,MEDIUM
101148,NO,3.65,LOW
101149,YES,84.69,HIGH
101152,NO,16.53,LOW
101157,NO,20.22,LOW
101161,NO,14.11,LOW
101163,NO,3.94,LOW
101166,NO,27.87,LOW
101169,NO,32.8,LOW
101175,NO,31.8,LOW
101177,NO,2.97,LOW
101178,NO,40.35,MEDIUM
101182,NO,4.78,LOW
101186,YES,61.89,MEDIUM
101191,NO,15.9,LOW
101207,NO,48.54,MEDIUM
101211,NO,11.99,LOW
101212,NO,22.19,LOW
101215,NO,3.37,LOW
101223,NO,40.86,MEDIUM
101226,NO,8.58,LOW
101227,NO,18.43,LOW
101228,NO,40.32,MEDIUM
101230,YES,69.31,MEDIUM
101235,NO,43.79,MEDIUM
101237,YES,82.11,HIGH
101238,NO,8.16,LOW
101239,YES,60.3,MEDIUM
101241,NO,20.9,LOW
101245,NO,2.46,LOW
101248,NO,5.81,LOW
101251,NO,18.69,LOW
101258,NO,29.13,LOW
101261,NO,3.25,LOW
101262,YES,63.39,MEDIUM
101265,NO,9.84,LOW
101268,NO,2.64,LOW
101269,NO,2.25,LOW
101275,NO,11.77,LOW
101276,NO,7.01,LOW
101278,YES,76.68,HIGH
101281,NO,1.45,LOW
101288,YES,89.57,HIGH
101295,NO,8.21,LOW
101300,YES,83.13,HIGH
101301,NO,7.29,LOW
101302,NO,9.78,LOW
101304,YES,50.89,MEDIUM
101306,NO,5.16,LOW
101316,NO,29.88,LOW
101317,NO,4.75,LOW
101320,NO,18.79,LOW
101321,YES,86.89,HIGH
101323,YES,87.08,HIGH
101324,NO,6.82,LOW
101326,NO,49.15,MEDIUM
101327,NO,10.51,LOW
101330,YES,64.52,MEDIUM
101332,NO,26.81,LOW
101333,YES,79.06,HIGH
101337,NO,13.1,LOW
101343,NO,10.38,LOW
101350,YES,89.4,HIGH
101352,NO,26.88,LOW
101355,NO,0.91,LOW
101359,NO,2.89,LOW
101361,NO,15.49,LOW
101363,NO,37.19,LOW
101365,NO,16.53,LOW
101369,NO,28.13,LOW
101370,YES,71.72,HIGH
101372,NO,32.13,LOW
101383,YES,58.1,MEDIUM
101385,NO,8.86,LOW
101386,NO,0.67,LOW
101393,NO,10.0,LOW
101397,NO,37.76,LOW
101402,NO,1.97,LOW
101407,YES,54.84,MEDIUM
101409,YES,68.63,MEDIUM
101411,NO,9.1,LOW
101413,NO,0.65,LOW
101418,NO,4.12,LOW
101424,NO,6.92,LOW
101429,NO,16.47,LOW
101430,NO,39.42,LOW
101436,NO,9.44,LOW
101438,YES,79.78,HIGH
101442,YES,66.9,MEDIUM
101444,NO,5.08,LOW
101447,NO,45.61,MEDIUM
101453,NO,4.72,LOW
101454,NO,1.38,LOW
101458,NO,1.79,LOW
101462,NO,26.33,LOW
101470,NO,40.58,MEDIUM
101476,NO,24.14,LOW
101477,YES,57.92,MEDIUM
101480,NO,19.49,LOW
101482,NO,14.26,LOW
101483,NO,36.24,LOW
101485,NO,13.83,LOW
101489,YES,91.57,HIGH
101497,YES,58.09,MEDIUM
101499,YES,93.66,HIGH
101502,NO,0.52,LOW
101504,YES,51.96,MEDIUM
101505,NO,8.24,LOW
101507,NO,5.52,LOW
101510,NO,11.3,LOW
101512,YES,66.93,MEDIUM
101513,NO,32.27,LOW
101515,NO,6.11,LOW
101520,NO,9.74,LOW
101529,YES,86.49,HIGH
101532,NO,2.46,LOW
101539,YES,53.1,MEDIUM
101546,NO,15.3,LOW
101550,NO,19.12,LOW
101553,NO,42.78,MEDIUM
101554,YES,80.96,HIGH
101557,NO,49.23,MEDIUM
101559,YES,70.51,HIGH
101561,YES,96.68,HIGH
101568,NO,19.92,LOW
101570,NO,0.34,LOW
101572,NO,3.63,LOW
101578,NO,40.0,MEDIUM
101580,NO,17.43,LOW
101583,NO,0.55,LOW
101595,NO,39.0,LOW
101596,NO,0.54,LOW
101601,NO,9.42,LOW
101602,NO,13.99,LOW
101604,NO,39.24,LOW
101605,NO,11.45,LOW
101607,NO,1.75,LOW
101608,NO,12.28,LOW
101612,NO,42.99,MEDIUM
101615,YES,95.06,HIGH
101616,YES,65.3,MEDIUM
101621,NO,1.6,LOW
101623,NO,16.19,LOW
101626,NO,14.98,LOW
101635,NO,0.45,LOW
101636,NO,7.8,LOW
101638,NO,14.33,LOW
101639,YES,58.54,MEDIUM
101644,NO,21.27,LOW
101646,NO,27.15,LOW
101647,NO,8.32,LOW
101649,NO,3.29,LOW
101651,NO,12.57,LOW
101652,NO,2.46,LOW
101653,NO,13.47,LOW
101655,NO,35.43,LOW
101663,NO,1.81,LOW
101673,YES,62.61,MEDIUM
101674,NO,11.94,LOW
101677,YES,55.36,MEDIUM
101678,YES,53.0,MEDIUM
101679,YES,76.84,HIGH
101681,NO,43.42,MEDIUM
101690,NO,23.46,LOW
101694,NO,21.42,LOW
101697,NO,8.79,LOW
101698,NO,21.07,LOW
101703,NO,2.79,LOW
101704,NO,42.78,MEDIUM
101705,NO,16.97,LOW
101707,YES,67.37,MEDIUM
101710,YES,97.42,HIGH
101711,YES,66.49,MEDIUM
101712,YES,95.86,HIGH
101715,NO,6.84,LOW
101721,NO,13.08,LOW
101724,NO,30.36,LOW
101727,NO,4.96,LOW
101728,NO,0.61,LOW
101729,NO,23.82,LOW
101735,NO,1.03,LOW
101742,NO,17.04,LOW
101746,YES,90.36,HIGH
101749,NO,21.99,LOW
101750,NO,28.96,LOW
101754,NO,2.53,LOW
101755,YES,52.93,MEDIUM
101757,NO,29.46,LOW
101759,NO,1.97,LOW
101762,NO,2.09,LOW
101765,NO,11.73,LOW
101768,NO,14.57,LOW
101769,NO,24.16,LOW
101771,NO,29.3,LOW
101772,NO,32.64,LOW
101775,NO,9.32,LOW
101777,NO,5.73,LOW
101778,NO,4.94,LOW
101782,NO,9.16,LOW
101783,YES,62.97,MEDIUM
101786,YES,91.75,HIGH
101789,NO,4.92,LOW
101791,YES,77.05,HIGH
101795,NO,4.79,LOW
101796,NO,12.36,LOW
101799,NO,5.0,LOW
101809,NO,7.28,LOW
101816,NO,7.55,LOW
101821,NO,15.3,LOW
101824,NO,11.09,LOW
101832,NO,49.39,MEDIUM
101835,YES,78.23,HIGH
101836,NO,17.98,LOW
101837,NO,2.15,LOW
101844,NO,2.84,LOW
101848,YES,63.9,MEDIUM
101851,NO,4.64,LOW
101855,NO,0.84,LOW
101856,NO,41.17,MEDIUM
101857,NO,9.3,LOW
101860,YES,91.6,HIGH
101865,NO,3.95,LOW
101874,NO,22.04,LOW
101875,YES,56.4,MEDIUM
101880,NO,2.79,LOW
101883,NO,35.98,LOW
101889,NO,20.15,LOW
101892,NO,31.48,LOW
101897,NO,18.41,LOW
101900,NO,37.99,LOW
101901,NO,34.68,LOW
101909,NO,2.62,LOW
101910,YES,53.56,MEDIUM
101919,NO,10.26,LOW
101930,YES,94.73,HIGH
101931,NO,17.55,LOW
101934,YES,54.05,MEDIUM
101935,NO,27.68,LOW
101937,YES,79.34,HIGH
101945,NO,6.5,LOW
101947,NO,22.81,LOW
101951,NO,2.37,LOW
101973,YES,75.06,HIGH
101975,NO,1.45,LOW
101977,YES,91.03,HIGH
101981,NO,2.79,LOW
101982,NO,11.51,LOW
101986,NO,7.2,LOW
101988,NO,9.86,LOW
101991,NO,45.04,MEDIUM
101995,NO,1.09,LOW
101996,YES,51.4,MEDIUM
102002,NO,10.08,LOW
102010,YES,63.38,MEDIUM
102011,NO,35.32,LOW
102016,NO,19.86,LOW
102018,NO,13.45,LOW
102020,NO,2.58,LOW
102024,NO,23.27,LOW
102029,NO,20.02,LOW
102030,NO,20.54,LOW
102033,NO,0.94,LOW
102036,NO,18.3,LOW
102037,YES,57.94,MEDIUM
102038,NO,14.32,LOW
102039,NO,0.46,LOW
102041,NO,2.05,LOW
102048,NO,14.35,LOW
102052,NO,46.01,MEDIUM
102054,NO,39.51,LOW
102057,NO,41.56,MEDIUM
102060,NO,8.22,LOW
102061,YES,72.71,HIGH
102063,NO,49.13,MEDIUM
102064,NO,2.24,LOW
102066,YES,51.64,MEDIUM
102070,NO,15.77,LOW
102073,NO,2.7,LOW
102074,YES,52.8,MEDIUM
102080,NO,0.99,LOW
102083,NO,5.01,LOW
102090,NO,41.19,MEDIUM
102093,NO,28.83,LOW
102095,NO,1.76,LOW
102097,NO,2.32,LOW
102099,YES,64.75,MEDIUM
102100,NO,49.62,MEDIUM
102101,NO,0.59,LOW
102102,NO,11.21,LOW
102103,NO,29.0,LOW
102105,NO,16.37,LOW
102107,NO,29.15,LOW
102113,NO,25.64,LOW
102114,YES,71.21,HIGH
102117,NO,18.75,LOW
102118,NO,37.52,LOW
102119,NO,10.4,LOW
102120,NO,12.6,LOW
102121,NO,33.2,LOW
102126,NO,35.25,LOW
102127,NO,6.64,LOW
102129,YES,65.91,MEDIUM
102130,NO,7.93,LOW
102133,YES,71.11,HIGH
102135,NO,17.14,LOW
102144,NO,11.08,LOW
102149,NO,14.68,LOW
102150,NO,24.7,LOW
102154,NO,2.87,LOW
102157,NO,13.04,LOW
102159,NO,35.4,LOW
102166,NO,2.12,LOW
102167,NO,26.99,LOW
102169,NO,26.18,LOW
102172,NO,39.66,LOW
102173,NO,11.24,LOW
102174,YES,61.88,MEDIUM
102176,NO,20.65,LOW
102177,YES,81.37,HIGH
102178,NO,6.68,LOW
102179,YES,90.58,HIGH
102180,NO,11.34,LOW
102181,YES,68.48,MEDIUM
102183,NO,0.71,LOW
102187,NO,5.89,LOW
102189,NO,5.46,LOW
102201,YES,77.77,HIGH
102208,YES,65.94,MEDIUM
102210,NO,0.41,LOW
102214,NO,1.43,LOW
102215,NO,4.15,LOW
102218,NO,0.81,LOW
102220,YES,84.29,HIGH
102222,YES,81.35,HIGH
102223,YES,86.19,HIGH
102230,NO,30.75,LOW
102231,YES,72.1,HIGH
102232,YES,90.55,HIGH
102235,YES,58.56,MEDIUM
102236,NO,7.0,LOW
102239,YES,90.49,HIGH
102240,NO,8.8,LOW
102244,NO,8.22,LOW
102250,NO,7.58,LOW
102251,NO,7.39,LOW
102252,NO,49.88,MEDIUM
102255,NO,47.28,MEDIUM
102259,NO,2.19,LOW
102263,NO,3.94,LOW
102265,NO,29.58,LOW
102266,NO,27.65,LOW
102267,NO,2.24,LOW
102270,NO,15.58,LOW
102273,YES,81.7,HIGH
102278,NO,22.82,LOW
102280,NO,9.59,LOW
102287,YES,72.22,HIGH
102297,NO,16.37,LOW
102299,NO,0.27,LOW
102304,NO,5.44,LOW
102310,NO,2.85,LOW
102311,NO,26.16,LOW
102313,NO,30.08,LOW
102319,NO,10.76,LOW
102320,NO,7.83,LOW
102321,NO,22.32,LOW
102323,NO,14.12,LOW
102326,NO,2.73,LOW
102336,YES,55.74,MEDIUM
102343,NO,0.26,LOW
102344,NO,18.77,LOW
102356,NO,31.54,LOW
102358,NO,19.52,LOW
102371,NO,1.19,LOW
102375,NO,2.11,LOW
102377,NO,16.71,LOW
102380,YES,93.47,HIGH
102383,NO,4.63,LOW
102384,NO,6.7,LOW
102385,NO,2.61,LOW
102387,YES,96.85,HIGH
102394,NO,16.49,LOW
102395,YES,60.74,MEDIUM
102396,NO,43.19,MEDIUM
102401,NO,0.12,LOW
102402,YES,82.86,HIGH
102403,YES,82.64,HIGH
102406,NO,1.56,LOW
102408,YES,50.38,MEDIUM
102409,NO,28.45,LOW
102410,NO,30.24,LOW
102411,NO,15.64,LOW
102412,NO,4.74,LOW
102415,NO,1.14,LOW
102416,NO,31.24,LOW
102417,NO,4.99,LOW
102418,NO,12.08,LOW
102419,YES,65.06,MEDIUM
102421,NO,0.52,LOW
102425,NO,1.87,LOW
102426,YES,96.98,HIGH
102429,NO,6.01,LOW
102433,NO,20.22,LOW
102435,NO,7.47,LOW
102438,NO,18.87,LOW
102439,YES,78.92,HIGH
102449,NO,2.26,LOW
102471,NO,28.51,LOW
102474,YES,83.17,HIGH
102475,NO,18.89,LOW
102476,YES,85.3,HIGH
102479,YES,82.47,HIGH
102485,NO,23.88,LOW
102486,NO,9.68,LOW
102487,NO,26.69,LOW
102494,NO,12.36,LOW
102497,YES,82.22,HIGH
102498,NO,1.33,LOW
102499,YES,54.2,MEDIUM
102500,NO,10.98,LOW
102501,NO,3.41,LOW
102503,YES,60.45,MEDIUM
102505,NO,7.47,LOW
102509,YES,78.24,HIGH
102512,YES,70.82,HIGH
102515,NO,8.88,LOW
102516,YES,91.95,HIGH
102518,NO,31.29,LOW
102519,NO,23.83,LOW
102520,NO,46.72,MEDIUM
102522,YES,98.57,HIGH
102523,NO,6.82,LOW
102524,YES,67.21,MEDIUM
102525,NO,4.03,LOW
102528,NO,4.06,LOW
102530,NO,28.41,LOW
102534,YES,82.68,HIGH
102535,NO,12.79,LOW
102536,NO,15.71,LOW
102537,YES,96.56,HIGH
102540,NO,9.91,LOW
102543,NO,2.45,LOW
102548,NO,1.91,LOW
102550,NO,8.25,LOW
102553,YES,80.84,HIGH
102555,NO,1.63,LOW
102561,NO,5.44,LOW
102562,NO,1.03,LOW
102564,NO,1.76,LOW
102568,NO,1.43,LOW
102569,NO,36.32,LOW
102570,YES,79.09,HIGH
102573,NO,3.5,LOW
102574,NO,3.23,LOW
102576,YES,65.54,MEDIUM
102579,YES,57.19,MEDIUM
102582,NO,0.94,LOW
102588,YES,91.57,HIGH
102589,YES,54.23,MEDIUM
102592,NO,7.25,LOW
102593,NO,1.65,LOW
102597,NO,2.24,LOW
102600,YES,73.59,HIGH
102601,NO,5.9,LOW
102606,YES,67.61,MEDIUM
102608,YES,85.86,HIGH
102612,NO,16.34,LOW
102614,NO,19.82,LOW
102616,YES,89.41,HIGH
102620,YES,92.91,HIGH
102622,NO,1.11,LOW
102623,NO,20.66,LOW
102627,YES,62.5,MEDIUM
102630,NO,18.54,LOW
102631,NO,11.56,LOW
102633,NO,0.56,LOW
102637,NO,10.58,LOW
102639,NO,19.8,LOW
102640,NO,39.6,LOW
102641,NO,18.46,LOW
102644,YES,87.93,HIGH
102645,NO,6.03,LOW
102646,NO,0.68,LOW
102651,YES,87.12,HIGH
102654,NO,15.89,LOW
102657,NO,9.11,LOW
102660,YES,92.65,HIGH
102662,YES,58.34,MEDIUM
102668,YES,61.01,MEDIUM
102669,NO,7.67,LOW
102671,NO,2.34,LOW
102674,NO,5.19,LOW
102677,NO,9.51,LOW
102684,NO,6.64,LOW
102688,NO,28.25,LOW
102690,NO,8.93,LOW
102698,NO,19.1,LOW
102699,NO,14.74,LOW
102700,NO,3.37,LOW
102703,NO,2.47,LOW
102704,NO,18.06,LOW
102706,YES,92.18,HIGH
102708,YES,73.07,HIGH
102712,YES,86.18,HIGH
102722,NO,2.15,LOW
102724,YES,56.39,MEDIUM
102726,NO,4.21,LOW
102731,YES,94.98,HIGH
102733,NO,7.59,LOW
102737,NO,18.05,LOW
102738,NO,11.16,LOW
102741,NO,4.57,LOW
102744,NO,6.28,LOW
102745,NO,2.66,LOW
102746,NO,7.88,LOW
102752,NO,42.74,MEDIUM
102757,NO,0.76,LOW
102759,NO,16.65,LOW
102765,YES,87.7,HIGH
102774,NO,41.27,MEDIUM
102779,NO,39.1,LOW
102785,NO,5.77,LOW
102786,NO,18.0,LOW
102787,NO,9.02,LOW
102792,NO,37.83,LOW
102797,NO,10.42,LOW
102802,YES,86.52,HIGH
102803,YES,72.38,HIGH
102811,NO,44.51,MEDIUM
102812,NO,0.36,LOW
102814,YES,73.77,HIGH
102816,NO,2.51,LOW
102818,NO,4.13,LOW
102821,NO,4.37,LOW
102826,NO,16.65,LOW
102827,NO,14.71,LOW
102834,NO,5.03,LOW
102836,NO,15.04,LOW
102837,NO,9.78,LOW
102839,NO,23.61,LOW
102840,NO,17.84,LOW
102842,NO,2.61,LOW
102843,NO,16.71,LOW
102844,YES,54.51,MEDIUM
102847,NO,8.78,LOW
102848,YES,59.55,MEDIUM
102849,NO,6.81,LOW
102850,YES,91.21,HIGH
102853,YES,74.71,HIGH
102854,YES,68.08,MEDIUM
102856,NO,39.27,LOW
102860,NO,2.54,LOW
102863,NO,17.79,LOW
102866,NO,2.74,LOW
102867,NO,5.58,LOW
102868,NO,24.86,LOW
102869,NO,14.69,LOW
102870,YES,77.44,HIGH
102872,NO,33.4,LOW
102873,NO,17.21,LOW
102883,NO,40.65,MEDIUM
102884,NO,20.71,LOW
102889,NO,19.83,LOW
102895,NO,19.45,LOW
102896,YES,76.01,HIGH
102897,YES,58.16,MEDIUM
102898,NO,2.19,LOW
102899,NO,9.08,LOW
102905,NO,2.65,LOW
102912,NO,43.48,MEDIUM
102913,YES,86.78,HIGH
102914,YES,68.81,MEDIUM
102918,NO,8.33,LOW
102919,YES,56.6,MEDIUM
102921,YES,79.85,HIGH
102925,NO,2.28,LOW
102926,NO,10.39,LOW
102930,NO,29.1,LOW
102933,NO,16.31,LOW
102937,NO,20.16,LOW
102939,NO,1.04,LOW
102945,YES,56.87,MEDIUM
102947,NO,5.87,LOW
102955,NO,4.1,LOW
102956,NO,25.02,LOW
102960,NO,19.83,LOW
102963,NO,9.59,LOW
102966,YES,68.24,MEDIUM
102968,NO,7.17,LOW
102976,YES,55.94,MEDIUM
102977,YES,78.35,HIGH
102978,NO,6.81,LOW
102981,NO,6.84,LOW
102992,NO,5.41,LOW
102994,YES,79.38,HIGH
102997,NO,2.3,LOW
102998,YES,62.47,MEDIUM
103000,NO,17.93,LOW
103002,NO,4.24,LOW
103003,NO,5.41,LOW
103005,NO,4.57,LOW
103007,YES,68.88,MEDIUM
103010,NO,2.28,LOW
103013,YES,62.38,MEDIUM
103015,NO,26.42,LOW
103016,NO,18.09,LOW
103017,YES,87.4,HIGH
103022,NO,35.99,LOW
103030,NO,42.13,MEDIUM
103031,YES,50.72,MEDIUM
103032,NO,3.22,LOW
103034,YES,71.88,HIGH
103035,YES,52.0,MEDIUM
103037,YES,69.52,MEDIUM
103050,NO,7.14,LOW
103051,YES,72.23,HIGH
103053,NO,4.47,LOW
103057,YES,77.21,HIGH
103062,NO,26.79,LOW
103063,NO,7.87,LOW
103065,YES,72.07,HIGH
103069,YES,54.39,MEDIUM
103072,YES,57.15,MEDIUM
103073,NO,33.26,LOW
103074,NO,13.04,LOW
103078,YES,76.3,HIGH
103084,NO,2.24,LOW
103085,NO,39.71,LOW
103091,NO,16.65,LOW
103094,NO,49.16,MEDIUM
103097,NO,43.28,MEDIUM
103099,NO,5.44,LOW
103100,NO,9.99,LOW
103104,NO,27.29,LOW
103108,NO,2.28,LOW
103110,YES,63.69,MEDIUM
103111,YES,53.82,MEDIUM
103113,NO,16.29,LOW
103123,NO,35.35,LOW
103126,YES,56.34,MEDIUM
103128,NO,5.61,LOW
103129,YES,96.36,HIGH
103131,NO,2.83,LOW
103132,NO,1.7,LOW
103136,NO,1.28,LOW
103139,NO,5.34,LOW
103142,NO,16.68,LOW
103144,NO,11.98,LOW
103147,YES,94.83,HIGH
103148,YES,51.23,MEDIUM
103155,NO,5.85,LOW
103157,NO,34.19,LOW
103160,NO,25.99,LOW
103161,NO,12.19,LOW
103164,NO,15.08,LOW
103166,NO,8.26,LOW
103167,NO,35.31,LOW
103168,YES,87.03,HIGH
103180,NO,22.12,LOW
103181,NO,1.09,LOW
103184,NO,16.59,LOW
103189,YES,77.98,HIGH
103190,NO,13.02,LOW
103191,YES,90.79,HIGH
103194,NO,6.6,LOW
103199,NO,35.74,LOW
103200,YES,79.23,HIGH
103206,NO,6.09,LOW
103209,YES,57.22,MEDIUM
103211,YES,56.5,MEDIUM
103213,NO,22.11,LOW
103215,NO,8.58,LOW
103219,NO,9.76,LOW
103223,NO,0.82,LOW
103225,YES,59.29,MEDIUM
103227,YES,78.87,HIGH
103228,NO,15.07,LOW
103232,NO,8.13,LOW
103234,YES,64.95,MEDIUM
103235,NO,11.15,LOW
103236,NO,5.34,LOW
103240,NO,16.14,LOW
103241,NO,23.5,LOW
103243,NO,10.28,LOW
103247,YES,51.98,MEDIUM
103248,NO,0.53,LOW
103249,YES,60.17,MEDIUM
103256,YES,72.62,HIGH
103257,YES,97.02,HIGH
103258,NO,35.67,LOW
103259,NO,1.36,LOW
103260,NO,26.7,LOW
103264,NO,34.07,LOW
103266,NO,22.91,LOW
103267,NO,24.05,LOW
103274,NO,3.25,LOW
103281,NO,1.37,LOW
103286,NO,41.25,MEDIUM
103290,NO,16.54,LOW
103291,NO,8.84,LOW
103296,NO,14.72,LOW
103298,YES,83.61,HIGH
103299,NO,2.38,LOW
103311,NO,14.68,LOW
103312,NO,15.81,LOW
103314,YES,53.71,MEDIUM
103315,YES,61.15,MEDIUM
103316,NO,2.35,LOW
103320,NO,3.57,LOW
103324,NO,2.95,LOW
103329,NO,8.05,LOW
103333,YES,81.38,HIGH
103337,NO,36.19,LOW
103338,YES,62.41,MEDIUM
103342,YES,64.79,MEDIUM
103346,NO,23.3,LOW
103349,YES,74.76,HIGH
103352,NO,28.21,LOW
103358,NO,39.72,LOW
103359,NO,11.3,LOW
103360,NO,4.61,LOW
103364,NO,7.04,LOW
103368,YES,92.5,HIGH
103370,NO,8.92,LOW
103373,NO,11.35,LOW
103376,NO,17.35,LOW
103377,YES,72.03,HIGH
103382,NO,44.29,MEDIUM
103383,YES,87.92,HIGH
103394,NO,18.42,LOW
103397,YES,92.48,HIGH
103398,NO,33.28,LOW
103404,NO,34.29,LOW
103405,NO,20.82,LOW
103424,NO,4.82,LOW
103425,YES,68.02,MEDIUM
103431,NO,0.84,LOW
103434,NO,30.31,LOW
103437,NO,11.88,LOW
103451,YES,80.6,HIGH
103456,YES,51.81,MEDIUM
103459,NO,1.97,LOW
103460,NO,13.43,LOW
103465,YES,95.64,HIGH
103467,NO,8.3,LOW
103468,NO,0.53,LOW
103469,NO,14.28,LOW
103471,YES,58.75,MEDIUM
103472,YES,70.21,HIGH
103473,YES,57.06,MEDIUM
103474,NO,1.31,LOW
103476,YES,71.83,HIGH
103477,YES,78.49,HIGH
103479,NO,5.51,LOW
103488,YES,96.69,HIGH
103489,NO,23.75,LOW
103492,YES,89.09,HIGH
103502,NO,36.06,LOW
103504,NO,24.42,LOW
103507,NO,7.66,LOW
103510,NO,10.71,LOW
103513,NO,4.54,LOW
103517,NO,4.99,LOW
103518,NO,0.75,LOW
103520,NO,41.59,MEDIUM
103521,NO,9.64,LOW
103523,YES,54.44,MEDIUM
103524,NO,34.26,LOW
103529,NO,45.79,MEDIUM
103530,NO,10.26,LOW
103534,NO,34.21,LOW
103536,NO,2.12,LOW
103538,YES,63.07,MEDIUM
103542,NO,29.4,LOW
103543,YES,64.46,MEDIUM
103544,NO,6.79,LOW
103545,NO,3.01,LOW
103546,NO,29.16,LOW
103547,YES,73.35,HIGH
103549,NO,7.85,LOW
103557,NO,1.9,LOW
103558,NO,43.46,MEDIUM
103562,YES,56.82,MEDIUM
103563,NO,18.08,LOW
103565,NO,11.67,LOW
103569,YES,91.51,HIGH
103579,NO,10.68,LOW
103581,NO,20.68,LOW
103583,NO,39.55,LOW
103589,YES,54.93,MEDIUM
103594,NO,49.65,MEDIUM
103596,YES,93.77,HIGH
103601,NO,20.25,LOW
103602,YES,60.97,MEDIUM
103606,NO,13.42,LOW
103612,NO,48.63,MEDIUM
103614,NO,1.71,LOW
103620,NO,5.97,LOW
103632,NO,45.03,MEDIUM
103634,NO,3.22,LOW
103635,NO,24.97,LOW
103636,NO,12.07,LOW
103642,NO,2.96,LOW
103646,YES,52.35,MEDIUM
103650,NO,1.88,LOW
103652,YES,80.83,HIGH
103654,NO,25.46,LOW
103656,NO,12.52,LOW
103657,NO,3.28,LOW
103660,NO,23.84,LOW
103663,YES,55.02,MEDIUM
103668,YES,75.64,HIGH
103669,NO,8.22,LOW
103673,NO,39.51,LOW
103675,YES,52.91,MEDIUM
103677,NO,19.01,LOW
103679,YES,64.66,MEDIUM
103680,NO,17.06,LOW
103682,NO,36.69,LOW
103686,NO,11.74,LOW
103687,NO,3.79,LOW
103694,NO,3.71,LOW
103696,NO,3.04,LOW
103697,NO,17.89,LOW
103703,NO,6.36,LOW
103704,NO,2.01,LOW
103709,YES,52.73,MEDIUM
103713,NO,47.21,MEDIUM
103719,NO,35.64,LOW
103725,YES,94.5,HIGH
103726,NO,17.19,LOW
103728,YES,83.37,HIGH
103729,NO,19.22,LOW
103730,NO,2.71,LOW
103733,YES,60.86,MEDIUM
103734,NO,20.93,LOW
103735,NO,18.37,LOW
103737,NO,6.6,LOW
103739,NO,19.32,LOW
103740,YES,79.6,HIGH
103742,NO,14.21,LOW
103744,NO,3.86,LOW
103745,NO,1.77,LOW
103746,NO,37.09,LOW
103747,NO,1.42,LOW
103751,NO,12.69,LOW
103752,NO,6.89,LOW
103753,NO,0.2,LOW
103756,NO,2.15,LOW
103758,NO,1.03,LOW
103759,YES,97.38,HIGH
103760,NO,9.58,LOW
103762,NO,7.57,LOW
103767,NO,2.52,LOW
103768,NO,3.2,LOW
103769,NO,0.91,LOW
103772,NO,30.07,LOW
103774,NO,7.34,LOW
103780,NO,0.07,LOW
103781,YES,85.46,HIGH
103784,YES,89.12,HIGH
103791,YES,50.32,MEDIUM
103793,YES,92.9,HIGH
103796,NO,1.73,LOW
103813,NO,6.43,LOW
103821,NO,13.04,LOW
103822,NO,25.42,LOW
103824,YES,68.46,MEDIUM
103827,NO,7.9,LOW
103833,YES,89.26,HIGH
103836,YES,68.12,MEDIUM
103837,NO,13.1,LOW
103842,NO,4.18,LOW
103843,YES,80.77,HIGH
103847,NO,6.22,LOW
103848,YES,72.2,HIGH
103849,NO,48.6,MEDIUM
103850,YES,77.33,HIGH
103851,NO,43.41,MEDIUM
103852,YES,65.67,MEDIUM
103858,NO,10.03,LOW
103860,YES,69.35,MEDIUM
103864,NO,0.93,LOW
103865,NO,4.87,LOW
103869,NO,38.91,LOW
103871,NO,37.1,LOW
103872,NO,23.45,LOW
103875,YES,50.3,MEDIUM
103876,NO,7.38,LOW
103879,NO,23.85,LOW
103881,NO,5.29,LOW
103884,NO,2.33,LOW
103886,NO,7.12,LOW
103890,NO,11.4,LOW
103892,NO,15.38,LOW
103895,NO,1.16,LOW
103902,NO,22.63,LOW
103906,NO,21.79,LOW
103907,YES,97.51,HIGH
103908,NO,4.22,LOW
103911,YES,96.68,HIGH
103915,YES,59.38,MEDIUM
103919,YES,79.04,HIGH
103926,YES,50.61,MEDIUM
103928,NO,24.67,LOW
103937,YES,62.33,MEDIUM
103939,NO,0.41,LOW
103941,YES,75.41,HIGH
103942,NO,29.56,LOW
103944,NO,43.74,MEDIUM
103945,YES,83.81,HIGH
103946,NO,11.25,LOW
103950,NO,5.69,LOW
103955,NO,12.97,LOW
103965,NO,38.95,LOW
103966,NO,2.6,LOW
103968,NO,21.84,LOW
103974,NO,3.58,LOW
103975,YES,96.71,HIGH
103976,NO,0.5,LOW
103979,NO,7.31,LOW
103980,NO,5.49,LOW
103987,NO,3.57,LOW
103988,NO,1.26,LOW
103989,NO,3.61,LOW
104001,YES,86.62,HIGH
104005,YES,64.58,MEDIUM
104008,NO,4.32,LOW
104009,NO,10.51,LOW
104017,NO,31.44,LOW
104018,NO,3.3,LOW
104020,YES,67.2,MEDIUM
104027,NO,22.62,LOW
104028,YES,92.1,HIGH
104033,NO,47.11,MEDIUM
104034,NO,8.13,LOW
104036,NO,9.36,LOW
104037,YES,92.78,HIGH
104039,YES,71.72,HIGH
104042,NO,6.05,LOW
104043,NO,20.23,LOW
104049,NO,8.92,LOW
104056,YES,51.75,MEDIUM
104061,YES,91.56,HIGH
104063,NO,0.7,LOW
104068,NO,2.98,LOW
104072,YES,91.15,HIGH
104073,NO,2.51,LOW
104075,NO,14.98,LOW
104079,NO,23.5,LOW
104080,NO,24.52,LOW
104082,NO,34.01,LOW
104083,NO,3.21,LOW
104086,NO,6.1,LOW
104089,NO,20.95,LOW
104091,NO,30.49,LOW
104102,YES,72.23,HIGH
104105,NO,5.12,LOW
104106,NO,2.12,LOW
104107,NO,7.69,LOW
104108,NO,6.5,LOW
104110,NO,10.51,LOW
104111,NO,11.6,LOW
104113,YES,66.04,MEDIUM
104114,NO,7.29,LOW
104119,YES,90.7,HIGH
104122,NO,34.85,LOW
104129,NO,0.12,LOW
104130,NO,34.05,LOW
104131,NO,14.16,LOW
104139,NO,28.57,LOW
104142,NO,47.9,MEDIUM
104144,NO,40.48,MEDIUM
104147,YES,68.24,MEDIUM
104148,YES,50.98,MEDIUM
104150,NO,13.53,LOW
104151,NO,11.03,LOW
104155,NO,29.3,LOW
104158,NO,9.1,LOW
104170,NO,6.05,LOW
104171,NO,25.56,LOW
104174,YES,82.86,HIGH
104176,NO,1.92,LOW
104179,NO,23.62,LOW
104186,YES,98.57,HIGH
104188,NO,13.9,LOW
104189,YES,83.86,HIGH
104190,NO,19.92,LOW
104193,NO,27.28,LOW
104196,NO,29.65,LOW
104197,YES,79.31,HIGH
104200,NO,9.69,LOW
104202,YES,59.45,MEDIUM
104203,NO,17.33,LOW
104205,NO,1.0,LOW
104206,NO,41.25,MEDIUM
104208,NO,2.42,LOW
104210,NO,9.14,LOW
104221,NO,26.33,LOW
104227,NO,34.35,LOW
104233,YES,72.43,HIGH
104235,NO,0.54,LOW
104244,NO,31.73,LOW
104245,NO,14.5,LOW
104246,NO,13.96,LOW
104249,NO,10.05,LOW
104256,YES,94.24,HIGH
104261,NO,3.14,LOW
104265,NO,20.25,LOW
104267,NO,6.35,LOW
104268,NO,31.56,LOW
104269,YES,50.19,MEDIUM
104270,NO,25.8,LOW
104272,YES,93.33,HIGH
104274,NO,28.72,LOW
104275,NO,3.08,LOW
104279,NO,22.03,LOW
104282,NO,41.91,MEDIUM
104287,YES,83.02,HIGH
104288,NO,4.04,LOW
104290,NO,15.02,LOW
104294,NO,0.48,LOW
104295,NO,7.57,LOW
104297,NO,27.77,LOW
104299,NO,21.92,LOW
104302,NO,2.35,LOW
104310,NO,0.2,LOW
104313,YES,83.09,HIGH
104314,YES,69.26,MEDIUM
104318,NO,7.24,LOW
104320,NO,5.76,LOW
104323,NO,6.83,LOW
104327,NO,21.53,LOW
104328,NO,3.3,LOW
104331,NO,2.68,LOW
104334,YES,69.43,MEDIUM
104346,NO,17.93,LOW
104350,NO,35.76,LOW
104351,NO,29.06,LOW
104355,NO,2.83,LOW
104366,NO,1.06,LOW
104368,NO,21.24,LOW
104372,YES,69.9,MEDIUM
104378,YES,81.94,HIGH
104379,NO,2.91,LOW
104380,NO,18.11,LOW
104382,NO,2.11,LOW
104387,NO,27.34,LOW
104388,YES,92.19,HIGH
104391,NO,2.09,LOW
104392,NO,18.17,LOW
104393,NO,2.53,LOW
104398,NO,4.67,LOW
104407,NO,39.56,LOW
104408,NO,24.29,LOW
104410,NO,35.55,LOW
104411,YES,64.29,MEDIUM
104413,NO,6.97,LOW
104417,NO,4.58,LOW
104420,NO,7.72,LOW
104421,NO,49.59,MEDIUM
104426,NO,7.44,LOW
104427,YES,87.57,HIGH
104428,NO,14.43,LOW
104433,YES,62.27,MEDIUM
104436,YES,89.91,HIGH
104437,NO,11.69,LOW
104438,NO,8.78,LOW
104439,YES,85.89,HIGH
104441,NO,29.15,LOW
104442,YES,92.88,HIGH
104444,NO,25.93,LOW
104447,NO,11.19,LOW
104448,NO,46.84,MEDIUM
104463,NO,22.82,LOW
104464,NO,31.57,LOW
104469,NO,45.65,MEDIUM
104472,YES,50.32,MEDIUM
104473,NO,7.51,LOW
104476,NO,2.92,LOW
104484,NO,1.64,LOW
104487,NO,16.86,LOW
104488,NO,33.99,LOW
104493,NO,16.75,LOW
104495,NO,41.69,MEDIUM
104497,NO,17.17,LOW
104499,YES,90.37,HIGH
104502,NO,11.67,LOW
104505,NO,10.35,LOW
104509,NO,31.22,LOW
104510,NO,15.6,LOW
104517,NO,0.34,LOW
104530,NO,29.61,LOW
104534,YES,59.66,MEDIUM
104535,YES,59.42,MEDIUM
104540,NO,37.92,LOW
104543,NO,14.2,LOW
104551,NO,38.37,LOW
104552,YES,81.42,HIGH
104555,NO,15.9,LOW
104557,NO,10.17,LOW
104568,NO,3.7,LOW
104570,YES,86.24,HIGH
104571,NO,41.07,MEDIUM
104575,YES,97.07,HIGH
104592,NO,16.71,LOW
104594,NO,18.0,LOW
104597,NO,34.33,LOW
104600,NO,19.58,LOW
104601,NO,15.72,LOW
104604,NO,21.9,LOW
104605,NO,10.87,LOW
104610,YES,61.37,MEDIUM
104611,NO,7.11,LOW
104613,NO,4.25,LOW
104614,YES,97.41,HIGH
104616,NO,42.31,MEDIUM
104617,NO,20.7,LOW
104618,NO,8.92,LOW
104622,YES,90.88,HIGH
104623,NO,2.77,LOW
104629,NO,33.51,LOW
104639,NO,14.8,LOW
104641,YES,94.47,HIGH
104644,NO,35.54,LOW
104646,NO,4.04,LOW
104654,NO,25.85,LOW
104655,NO,26.39,LOW
104656,YES,78.94,HIGH
104657,NO,9.7,LOW
104661,NO,4.03,LOW
104662,YES,80.15,HIGH
104663,NO,3.42,LOW
104664,NO,31.93,LOW
104665,NO,0.56,LOW
104668,YES,96.81,HIGH
104672,YES,86.69,HIGH
104675,YES,57.96,MEDIUM
104678,NO,42.93,MEDIUM
104690,NO,2.67,LOW
104691,YES,94.75,HIGH
104700,YES,92.9,HIGH
104703,NO,24.37,LOW
104708,YES,80.33,HIGH
104715,NO,0.67,LOW
104718,NO,28.75,LOW
104722,YES,57.84,MEDIUM
104726,NO,16.19,LOW
104727,YES,78.59,HIGH
104730,YES,61.89,MEDIUM
104736,YES,59.71,MEDIUM
104739,YES,71.96,HIGH
104740,NO,11.03,LOW
104741,NO,38.95,LOW
104742,NO,5.29,LOW
104743,NO,0.5,LOW
104746,NO,8.79,LOW
104747,NO,2.14,LOW
104750,NO,12.74,LOW
104751,NO,17.96,LOW
104752,NO,45.62,MEDIUM
104754,NO,45.69,MEDIUM
104762,YES,87.01,HIGH
104763,YES,87.45,HIGH
104766,YES,88.28,HIGH
104767,NO,16.56,LOW
104768,NO,2.93,LOW
104771,NO,2.26,LOW
104775,NO,8.31,LOW
104777,YES,54.0,MEDIUM
104778,NO,0.73,LOW
104780,NO,8.86,LOW
104784,NO,5.01,LOW
104787,NO,26.93,LOW
104788,YES,71.33,HIGH
104791,YES,75.58,HIGH
104792,NO,14.36,LOW
104793,NO,39.07,LOW
104801,YES,51.81,MEDIUM
104805,NO,34.3,LOW
104806,NO,0.46,LOW
104815,YES,75.29,HIGH
104818,YES,97.13,HIGH
104823,NO,25.54,LOW
104826,NO,2.73,LOW
104828,NO,9.07,LOW
104836,NO,1.17,LOW
104837,NO,3.46,LOW
104839,YES,72.38,HIGH
104847,NO,7.25,LOW
104848,NO,19.27,LOW
104850,NO,1.33,LOW
104851,YES,90.63,HIGH
104852,NO,6.28,LOW
104856,NO,3.52,LOW
104858,NO,37.13,LOW
104860,NO,2.3,LOW
104865,NO,2.04,LOW
104867,NO,0.5,LOW
104869,YES,84.55,HIGH
104871,NO,1.41,LOW
104872,YES,63.24,MEDIUM
104873,NO,10.7,LOW
104874,YES,80.38,HIGH
104876,NO,1.4,LOW
104880,NO,46.69,MEDIUM
104885,YES,53.9,MEDIUM
104891,NO,40.18,MEDIUM
104895,NO,3.65,LOW
104898,YES,53.15,MEDIUM
104899,NO,15.17,LOW
104900,NO,0.86,LOW
104907,NO,1.1,LOW
104908,YES,77.42,HIGH
104910,NO,9.06,LOW
104911,NO,31.1,LOW
104921,NO,35.93,LOW
104922,NO,11.44,LOW
104932,NO,26.18,LOW
104934,YES,85.09,HIGH
104936,NO,0.26,LOW
104938,NO,8.56,LOW
104940,NO,15.39,LOW
104941,YES,51.55,MEDIUM
104943,NO,44.4,MEDIUM
104944,NO,10.6,LOW
104945,NO,2.61,LOW
104952,NO,7.18,LOW
104954,YES,60.73,MEDIUM
104958,YES,97.39,HIGH
104959,YES,79.25,HIGH
104960,NO,8.48,LOW
104963,NO,47.44,MEDIUM
104965,YES,85.68,HIGH
104972,NO,26.48,LOW
104978,YES,68.25,MEDIUM
104981,NO,23.11,LOW
104984,NO,10.62,LOW
104985,YES,55.53,MEDIUM
104988,NO,8.26,LOW
104991,NO,7.02,LOW
104992,YES,70.83,HIGH
104995,NO,11.11,LOW
104996,YES,84.03,HIGH
104997,YES,82.68,HIGH
105000,YES,68.24,MEDIUM
100002,NO,14.63,LOW
100004,NO,3.21,LOW
100008,NO,17.17,LOW
100011,NO,10.95,LOW
100014,YES,66.89,MEDIUM
100015,NO,40.13,MEDIUM
100022,NO,1.43,LOW
100023,NO,18.07,LOW
100026,NO,7.11,LOW
100027,NO,10.25,LOW
100029,NO,23.29,LOW
100032,NO,11.75,LOW
100033,NO,20.07,LOW
100035,NO,18.65,LOW
100036,NO,8.84,LOW
100040,NO,9.97,LOW
100043,YES,95.15,HIGH
100045,YES,50.04,MEDIUM
100046,NO,15.13,LOW
100047,YES,74.62,HIGH
100048,NO,8.47,LOW
100057,NO,43.63,MEDIUM
100058,NO,45.11,MEDIUM
100065,YES,54.62,MEDIUM
100069,NO,35.3,LOW
100071,NO,21.57,LOW
100074,YES,57.08,MEDIUM
100076,NO,28.77,LOW
100077,NO,4.63,LOW
100085,NO,5.47,LOW
100088,NO,15.37,LOW
100090,NO,28.8,LOW
100094,NO,15.14,LOW
100098,NO,6.88,LOW
100099,YES,95.77,HIGH
100101,NO,30.58,LOW
100103,NO,43.17,MEDIUM
100106,NO,6.48,LOW
100107,NO,13.5,LOW
100115,NO,3.0,LOW
100118,NO,8.3,LOW
100119,NO,0.77,LOW
100120,NO,44.62,MEDIUM
100121,YES,50.66,MEDIUM
100123,NO,13.11,LOW
100124,NO,6.48,LOW
100126,NO,7.15,LOW
100133,NO,22.6,LOW
100135,YES,88.38,HIGH
100136,NO,33.35,LOW
100139,NO,47.87,MEDIUM
100140,NO,5.28,LOW
100142,NO,8.38,LOW
100144,YES,68.36,MEDIUM
100145,YES,92.7,HIGH
100146,YES,96.93,HIGH
100148,NO,18.49,LOW
100150,YES,51.96,MEDIUM
100151,NO,5.18,LOW
100154,YES,61.68,MEDIUM
100155,NO,31.8,LOW
100157,NO,31.26,LOW
100159,NO,4.45,LOW
100164,NO,7.42,LOW
100167,NO,7.64,LOW
100168,NO,37.24,LOW
100171,NO,26.6,LOW
100176,NO,8.19,LOW
100182,NO,8.25,LOW
100187,NO,19.03,LOW
100188,NO,11.64,LOW
100189,YES,90.37,HIGH
100191,NO,13.47,LOW
100192,NO,33.63,LOW
100193,NO,4.37,LOW
100195,YES,66.22,MEDIUM
100197,YES,75.19,HIGH
100201,YES,77.81,HIGH
100202,NO,44.63,MEDIUM
100203,YES,75.1,HIGH
100206,NO,25.72,LOW
100210,NO,1.09,LOW
100216,NO,45.92,MEDIUM
100217,NO,3.84,LOW
100218,NO,21.31,LOW
100222,YES,59.77,MEDIUM
100228,YES,63.49,MEDIUM
100229,NO,5.7,LOW
100233,NO,18.2,LOW
100236,NO,15.09,LOW
100238,NO,22.8,LOW
100239,YES,67.81,MEDIUM
100244,NO,47.24,MEDIUM
100247,YES,58.86,MEDIUM
100250,YES,78.31,HIGH
100253,NO,5.57,LOW
100256,YES,73.31,HIGH
100258,NO,4.95,LOW
100262,NO,7.4,LOW
100265,NO,1.79,LOW
100269,YES,75.11,HIGH
100272,NO,14.13,LOW
100274,YES,51.42,MEDIUM
100275,NO,0.54,LOW
100281,NO,18.32,LOW
100282,NO,0.44,LOW
100285,NO,0.44,LOW
100287,NO,2.6,LOW
100288,NO,7.6,LOW
100289,NO,9.97,LOW
100303,NO,30.41,LOW
100306,NO,34.37,LOW
100307,NO,42.26,MEDIUM
100308,NO,11.31,LOW
100309,NO,45.74,MEDIUM
100312,NO,10.56,LOW
100313,NO,4.3,LOW
100316,YES,78.2,HIGH
100325,YES,57.59,MEDIUM
100327,NO,15.11,LOW
100337,NO,29.85,LOW
100338,YES,98.69,HIGH
100341,NO,7.81,LOW
100348,NO,6.61,LOW
100350,NO,48.72,MEDIUM
100352,YES,65.25,MEDIUM
100353,YES,77.25,HIGH
100357,NO,9.14,LOW
100358,NO,1.52,LOW
100361,NO,16.8,LOW
100365,NO,15.94,LOW
100366,NO,11.23,LOW
100367,NO,37.72,LOW
100368,NO,8.33,LOW
100371,NO,26.5,LOW
100377,NO,30.69,LOW
100381,NO,39.38,LOW
100384,NO,34.96,LOW
100390,NO,1.48,LOW
100392,NO,13.25,LOW
100393,YES,54.01,MEDIUM
100396,NO,16.45,LOW
100399,YES,64.78,MEDIUM
100400,NO,2.57,LOW
100407,NO,14.64,LOW
100410,NO,1.38,LOW
100411,NO,11.36,LOW
100412,NO,8.96,LOW
100415,NO,49.06,MEDIUM
100418,NO,28.22,LOW
100423,YES,64.28,MEDIUM
100425,NO,35.85,LOW
100427,YES,71.0,HIGH
100435,NO,19.55,LOW
100437,YES,52.08,MEDIUM
100438,YES,60.37,MEDIUM
100444,NO,4.21,LOW
100453,NO,6.16,LOW
100454,NO,28.5,LOW
100455,YES,72.42,HIGH
100458,NO,30.03,LOW
100461,NO,22.45,LOW
100462,NO,4.3,LOW
100466,YES,85.79,HIGH
100468,NO,22.04,LOW
100469,YES,93.27,HIGH
100470,YES,93.48,HIGH
100473,YES,75.14,HIGH
100477,NO,43.97,MEDIUM
100478,NO,4.14,LOW
100479,NO,18.72,LOW
100480,YES,95.31,HIGH
100481,NO,4.68,LOW
100482,NO,1.85,LOW
100483,NO,1.96,LOW
100484,NO,7.27,LOW
100485,NO,8.97,LOW
100486,NO,45.71,MEDIUM
100487,NO,39.54,LOW
100489,YES,70.56,HIGH
100495,NO,31.73,LOW
100496,NO,7.41,LOW
100497,NO,11.35,LOW
100502,NO,2.33,LOW
100504,NO,3.35,LOW
100512,NO,46.65,MEDIUM
100516,NO,21.35,LOW
100518,NO,39.76,LOW
100519,NO,8.87,LOW
100523,NO,45.42,MEDIUM
100530,YES,93.79,HIGH
100535,NO,3.64,LOW
100539,YES,93.34,HIGH
100543,YES,75.69,HIGH
100547,NO,5.3,LOW
100555,YES,94.36,HIGH
100564,YES,50.16,MEDIUM
100565,NO,28.48,LOW
100571,NO,32.92,LOW
100572,NO,32.19,LOW
100573,NO,5.15,LOW
100574,NO,21.4,LOW
100577,NO,2.74,LOW
100578,NO,16.1,LOW
100582,NO,3.41,LOW
100584,NO,6.42,LOW
100585,YES,58.77,MEDIUM
100587,NO,28.36,LOW
100591,YES,85.1,HIGH
100595,YES,53.21,MEDIUM
100602,NO,3.06,LOW
100604,YES,71.03,HIGH
100606,NO,1.11,LOW
100607,YES,86.12,HIGH
100608,NO,14.1,LOW
100611,NO,13.3,LOW
100617,YES,53.01,MEDIUM
100623,NO,27.07,LOW
100624,YES,55.15,MEDIUM
100628,YES,87.8,HIGH
100629,YES,92.85,HIGH
100633,NO,18.4,LOW
100634,NO,28.56,LOW
100639,NO,11.29,LOW
100652,NO,2.48,LOW
100654,NO,8.16,LOW
100661,NO,24.55,LOW
100662,NO,1.6,LOW
100663,YES,83.55,HIGH
100667,NO,6.91,LOW
100673,NO,14.46,LOW
100675,NO,12.9,LOW
100678,NO,1.69,LOW
100682,NO,21.12,LOW
100684,NO,4.12,LOW
100687,NO,2.37,LOW
100689,YES,89.66,HIGH
100690,NO,12.68,LOW
100691,NO,30.78,LOW
100693,NO,4.35,LOW
100695,NO,15.76,LOW
100698,NO,3.4,LOW
100699,NO,37.22,LOW
100701,NO,22.42,LOW
100702,NO,16.09,LOW
100709,NO,46.86,MEDIUM
100710,NO,6.37,LOW
100716,NO,7.13,LOW
100720,NO,14.19,LOW
100725,NO,29.08,LOW
100731,NO,19.47,LOW
100734,NO,1.94,LOW
100735,YES,55.32,MEDIUM
100736,NO,1.29,LOW
100741,NO,16.02,LOW
100750,NO,8.95,LOW
100751,NO,0.69,LOW
100754,YES,87.18,HIGH
100756,NO,29.18,LOW
100757,YES,65.77,MEDIUM
100762,NO,29.59,LOW
100764,NO,7.87,LOW
100765,YES,63.1,MEDIUM
100768,NO,21.2,LOW
100770,YES,63.87,MEDIUM
100773,NO,1.2,LOW
100774,NO,2.41,LOW
100776,YES,83.82,HIGH
100781,YES,68.51,MEDIUM
100784,NO,7.87,LOW
100786,NO,0.32,LOW
100787,NO,13.2,LOW
100789,NO,44.71,MEDIUM
100790,NO,2.94,LOW
100794,NO,19.51,LOW
100797,NO,19.87,LOW
100800,YES,91.5,HIGH
100801,NO,1.03,LOW
100803,NO,3.75,LOW
100806,YES,95.01,HIGH
100808,NO,29.19,LOW
100809,NO,44.63,MEDIUM
100811,YES,50.2,MEDIUM
100814,NO,12.37,LOW
100817,NO,4.16,LOW
100818,NO,3.08,LOW
100822,NO,7.78,LOW
100826,NO,7.39,LOW
100830,YES,78.71,HIGH
100831,YES,89.94,HIGH
100836,NO,2.29,LOW
100838,NO,0.56,LOW
100842,NO,0.76,LOW
100845,NO,14.42,LOW
100846,NO,25.15,LOW
100847,NO,1.08,LOW
100849,NO,14.7,LOW
100852,NO,0.42,LOW
100853,NO,3.62,LOW
100857,NO,34.04,LOW
100858,NO,1.72,LOW
100864,NO,29.6,LOW
100866,NO,4.31,LOW
100868,YES,56.97,MEDIUM
100873,NO,19.56,LOW
100878,YES,65.97,MEDIUM
100880,NO,9.88,LOW
100886,NO,42.34,MEDIUM
100892,YES,87.15,HIGH
100894,YES,58.2,MEDIUM
100911,NO,10.08,LOW
100917,NO,11.87,LOW
100918,YES,68.87,MEDIUM
100921,NO,3.39,LOW
100924,NO,14.05,LOW
100932,NO,10.9,LOW
100933,NO,1.72,LOW
100934,YES,62.21,MEDIUM
100935,NO,3.82,LOW
100936,NO,5.08,LOW
100941,YES,60.48,MEDIUM
100942,YES,53.63,MEDIUM
100944,NO,10.08,LOW
100945,NO,4.94,LOW
100949,YES,88.2,HIGH
100950,NO,21.93,LOW
100951,NO,42.41,MEDIUM
100952,NO,15.36,LOW
100953,NO,23.64,LOW
100958,NO,15.36,LOW
100963,NO,6.2,LOW
100965,NO,4.99,LOW
100966,NO,33.96,LOW
100969,NO,10.81,LOW
100971,NO,2.13,LOW
100975,NO,44.11,MEDIUM
100978,YES,63.33,MEDIUM
100980,NO,20.65,LOW
100985,NO,12.1,LOW
100987,NO,5.22,LOW
100990,YES,71.39,HIGH
100992,NO,9.95,LOW
100993,YES,82.64,HIGH
101003,NO,7.02,LOW
101008,NO,49.35,MEDIUM
101013,NO,7.08,LOW
101020,NO,35.67,LOW
101026,NO,9.96,LOW
101029,NO,1.5,LOW
101030,NO,12.25,LOW
101031,NO,2.14,LOW
101035,NO,2.86,LOW
101037,NO,8.92,LOW
101039,YES,87.5,HIGH
101049,NO,12.23,LOW
101050,NO,32.64,LOW
101051,NO,2.51,LOW
101053,NO,4.17,LOW
101056,NO,3.28,LOW
101059,NO,3.71,LOW
101060,NO,14.64,LOW
101061,NO,6.1,LOW
101064,NO,3.09,LOW
101065,NO,9.17,LOW
101067,YES,50.71,MEDIUM
101068,NO,6.84,LOW
101069,NO,9.66,LOW
101078,YES,73.98,HIGH
101079,NO,26.75,LOW
101081,NO,31.23,LOW
101082,NO,15.32,LOW
101085,NO,6.3,LOW
101087,NO,4.17,LOW
101089,YES,61.87,MEDIUM
101096,NO,1.05,LOW
101097,NO,13.6,LOW
101098,NO,42.72,MEDIUM
101101,NO,23.97,LOW
101108,YES,71.57,HIGH
101115,NO,1.22,LOW
101116,NO,13.42,LOW
101118,NO,16.97,LOW
101123,NO,3.47,LOW
101126,NO,10.32,LOW
101127,NO,19.28,LOW
101128,NO,42.12,MEDIUM
101130,YES,91.9,HIGH
101131,NO,4.08,LOW
101133,YES,67.4,MEDIUM
101137,NO,39.46,LOW
101140,NO,1.42,LOW
101141,NO,5.23,LOW
101150,NO,4.77,LOW
101155,YES,78.58,HIGH
101162,NO,38.46,LOW
101165,NO,6.41,LOW
101167,NO,10.49,LOW
101172,NO,5.96,LOW
101180,YES,90.06,HIGH
101181,NO,18.94,LOW
101183,NO,35.19,LOW
101184,NO,6.18,LOW
101187,NO,4.38,LOW
101193,NO,4.0,LOW
101194,YES,52.2,MEDIUM
101199,NO,24.95,LOW
101200,NO,1.2,LOW
101201,YES,78.34,HIGH
101202,NO,6.36,LOW
101203,YES,64.21,MEDIUM
101204,NO,20.98,LOW
101205,NO,40.14,MEDIUM
101206,NO,24.38,LOW
101208,NO,17.24,LOW
101209,NO,21.08,LOW
101210,NO,40.32,MEDIUM
101213,NO,27.57,LOW
101219,NO,29.12,LOW
101222,YES,72.39,HIGH
101225,NO,43.49,MEDIUM
101233,NO,14.46,LOW
101242,NO,38.98,LOW
101243,YES,76.71,HIGH
101244,NO,37.97,LOW
101246,NO,15.35,LOW
101247,NO,0.7,LOW
101249,NO,13.47,LOW
101250,NO,15.6,LOW
101252,YES,59.73,MEDIUM
101254,NO,6.46,LOW
101256,NO,4.79,LOW
101263,YES,81.75,HIGH
101270,YES,89.69,HIGH
101271,YES,96.58,HIGH
101273,NO,29.23,LOW
101280,NO,49.36,MEDIUM
101282,NO,8.64,LOW
101283,NO,24.6,LOW
101284,NO,29.15,LOW
101289,NO,8.56,LOW
101291,YES,97.62,HIGH
101292,YES,72.74,HIGH
101293,YES,65.66,MEDIUM
101294,NO,16.84,LOW
101296,NO,0.9,LOW
101308,YES,91.0,HIGH
101309,NO,33.09,LOW
101311,NO,4.83,LOW
101312,NO,29.78,LOW
101314,NO,39.76,LOW
101315,NO,29.37,LOW
101328,NO,8.04,LOW
101335,YES,65.03,MEDIUM
101340,NO,34.46,LOW
101341,NO,6.94,LOW
101345,NO,11.59,LOW
101347,NO,21.43,LOW
101351,NO,4.58,LOW
101353,NO,16.46,LOW
101354,NO,1.3,LOW
101356,YES,62.49,MEDIUM
101357,YES,93.64,HIGH
101366,NO,26.79,LOW
101374,YES,89.51,HIGH
101376,YES,96.68,HIGH
101380,YES,82.88,HIGH
101387,NO,0.78,LOW
101388,YES,75.37,HIGH
101389,NO,2.99,LOW
101391,NO,6.13,LOW
101392,NO,21.57,LOW
101395,NO,13.17,LOW
101398,YES,77.07,HIGH
101401,NO,39.86,LOW
101403,YES,93.95,HIGH
101404,YES,88.86,HIGH
101410,NO,19.15,LOW
101412,NO,39.52,LOW
101415,NO,2.12,LOW
101420,YES,73.64,HIGH
101425,NO,18.91,LOW
101431,NO,21.72,LOW
101434,NO,24.71,LOW
101439,YES,60.99,MEDIUM
101441,NO,1.09,LOW
101449,NO,33.57,LOW
101451,YES,63.7,MEDIUM
101452,NO,45.57,MEDIUM
101460,NO,4.5,LOW
101461,NO,39.01,LOW
101464,NO,3.87,LOW
101465,NO,8.82,LOW
101466,NO,46.69,MEDIUM
101467,YES,58.47,MEDIUM
101468,YES,91.71,HIGH
101472,YES,72.66,HIGH
101473,NO,5.22,LOW
101474,NO,1.59,LOW
101475,NO,7.01,LOW
101479,NO,40.09,MEDIUM
101481,NO,10.34,LOW
101488,NO,1.42,LOW
101490,NO,26.71,LOW
101492,NO,22.03,LOW
101495,NO,0.5,LOW
101501,NO,38.15,LOW
101506,NO,1.43,LOW
101508,NO,8.35,LOW
101509,NO,15.87,LOW
101516,NO,12.91,LOW
101517,NO,16.16,LOW
101519,NO,20.39,LOW
101521,NO,39.71,LOW
101522,NO,9.55,LOW
101523,NO,15.38,LOW
101524,NO,31.69,LOW
101525,NO,0.85,LOW
101527,YES,71.87,HIGH
101528,NO,25.84,LOW
101535,YES,64.02,MEDIUM
101536,NO,13.09,LOW
101538,NO,6.18,LOW
101540,NO,15.07,LOW
101541,NO,20.31,LOW
101542,YES,92.98,HIGH
101545,NO,6.02,LOW
101547,NO,4.64,LOW
101549,YES,57.63,MEDIUM
101555,NO,2.1,LOW
101558,NO,6.62,LOW
101560,YES,59.5,MEDIUM
101562,YES,68.6,MEDIUM
101564,YES,83.45,HIGH
101567,NO,40.09,MEDIUM
101569,YES,83.23,HIGH
101571,NO,3.27,LOW
101573,NO,0.49,LOW
101574,NO,17.23,LOW
101576,NO,29.76,LOW
101577,NO,34.43,LOW
101581,NO,26.76,LOW
101582,YES,64.32,MEDIUM
101584,NO,3.0,LOW
101586,NO,6.1,LOW
101593,NO,34.96,LOW
101597,YES,60.09,MEDIUM
101599,YES,91.29,HIGH
101603,NO,3.0,LOW
101606,NO,7.31,LOW
101609,NO,8.81,LOW
101613,NO,12.15,LOW
101619,NO,6.45,LOW
101624,NO,44.68,MEDIUM
101630,YES,89.96,HIGH
101632,NO,10.43,LOW
101633,NO,2.29,LOW
101634,NO,46.09,MEDIUM
101640,NO,2.79,LOW
101641,NO,19.28,LOW
101650,NO,27.79,LOW
101654,NO,46.57,MEDIUM
101658,NO,18.92,LOW
101660,NO,0.59,LOW
101664,YES,93.67,HIGH
101665,YES,60.91,MEDIUM
101666,NO,12.12,LOW
101667,NO,33.11,LOW
101668,YES,71.16,HIGH
101670,NO,1.95,LOW
101680,NO,12.51,LOW
101682,YES,67.5,MEDIUM
101685,YES,82.4,HIGH
101686,NO,17.31,LOW
101688,YES,65.84,MEDIUM
101689,NO,2.19,LOW
101691,NO,3.51,LOW
101700,YES,91.04,HIGH
101708,YES,58.84,MEDIUM
101709,NO,12.95,LOW
101714,YES,72.83,HIGH
101717,NO,19.59,LOW
101718,NO,46.4,MEDIUM
101720,NO,17.62,LOW
101725,NO,39.92,LOW
101730,NO,10.81,LOW
101734,NO,3.4,LOW
101736,YES,54.06,MEDIUM
101737,YES,80.21,HIGH
101740,NO,48.1,MEDIUM
101741,NO,35.78,LOW
101743,NO,12.17,LOW
101744,YES,52.68,MEDIUM
101751,NO,7.14,LOW
101760,YES,87.7,HIGH
101761,NO,39.49,LOW
101763,NO,12.74,LOW
101764,NO,5.63,LOW
101767,NO,4.16,LOW
101780,NO,6.69,LOW
101785,YES,96.48,HIGH
101790,NO,26.52,LOW
101794,NO,22.96,LOW
101798,YES,63.18,MEDIUM
101801,YES,67.36,MEDIUM
101806,NO,30.48,LOW
101807,NO,1.33,LOW
101812,NO,2.61,LOW
101813,YES,55.19,MEDIUM
101817,YES,50.27,MEDIUM
101818,NO,3.95,LOW
101822,YES,74.98,HIGH
101825,YES,72.87,HIGH
101827,NO,15.59,LOW
101829,NO,2.45,LOW
101830,NO,20.93,LOW
101833,NO,3.1,LOW
101839,YES,76.25,HIGH
101840,NO,4.99,LOW
101841,NO,39.27,LOW
101842,NO,0.77,LOW
101843,YES,77.54,HIGH
101849,YES,80.31,HIGH
101852,NO,24.77,LOW
101858,NO,6.23,LOW
101862,YES,59.65,MEDIUM
101866,NO,2.36,LOW
101867,NO,12.21,LOW
101872,NO,10.27,LOW
101873,NO,0.5,LOW
101878,YES,74.5,HIGH
101879,NO,46.97,MEDIUM
101881,NO,13.83,LOW
101882,NO,2.27,LOW
101885,NO,1.62,LOW
101887,NO,3.45,LOW
101888,NO,5.68,LOW
101890,YES,90.94,HIGH
101894,NO,7.01,LOW
101898,NO,21.65,LOW
101899,NO,7.68,LOW
101902,NO,19.01,LOW
101904,NO,33.92,LOW
101911,NO,7.73,LOW
101912,NO,14.19,LOW
101913,NO,6.87,LOW
101914,NO,44.42,MEDIUM
101915,YES,92.72,HIGH
101918,NO,8.15,LOW
101920,YES,72.51,HIGH
101921,NO,40.17,MEDIUM
101923,NO,5.38,LOW
101924,YES,76.38,HIGH
101925,NO,2.48,LOW
101926,NO,7.66,LOW
101928,NO,6.33,LOW
101929,NO,9.55,LOW
101936,YES,60.48,MEDIUM
101938,NO,6.76,LOW
101940,YES,89.87,HIGH
101942,YES,89.24,HIGH
101944,NO,20.84,LOW
101946,NO,26.8,LOW
101950,NO,6.77,LOW
101955,YES,87.39,HIGH
101956,YES,62.17,MEDIUM
101959,YES,57.99,MEDIUM
101962,NO,1.87,LOW
101964,NO,10.03,LOW
101966,NO,9.69,LOW
101967,NO,0.88,LOW
101970,NO,13.82,LOW
101984,NO,1.51,LOW
101989,YES,62.55,MEDIUM
101990,YES,67.68,MEDIUM
101997,YES,78.72,HIGH
102001,NO,2.72,LOW
102004,NO,3.92,LOW
102008,NO,10.13,LOW
102009,YES,89.26,HIGH
102021,YES,63.78,MEDIUM
102025,NO,29.09,LOW
102026,NO,14.69,LOW
102031,YES,87.5,HIGH
102032,NO,28.38,LOW
102034,YES,69.92,MEDIUM
102035,NO,44.77,MEDIUM
102040,NO,20.24,LOW
102042,NO,22.86,LOW
102043,NO,39.24,LOW
102044,NO,1.08,LOW
102045,YES,67.98,MEDIUM
102050,YES,90.66,HIGH
102053,NO,11.58,LOW
102056,NO,7.69,LOW
102058,NO,17.94,LOW
102065,NO,44.21,MEDIUM
102068,YES,66.72,MEDIUM
102072,NO,10.5,LOW
102075,NO,5.97,LOW
102076,YES,55.16,MEDIUM
102078,NO,11.31,LOW
102081,NO,13.78,LOW
102082,YES,52.22,MEDIUM
102085,NO,1.11,LOW
102086,NO,12.37,LOW
102088,NO,7.36,LOW
102089,NO,20.04,LOW
102091,NO,18.37,LOW
102094,NO,30.61,LOW
102096,YES,93.38,HIGH
102106,NO,20.67,LOW
102108,NO,12.27,LOW
102110,YES,65.29,MEDIUM
102111,NO,21.39,LOW
102112,NO,3.7,LOW
102115,YES,58.32,MEDIUM
102122,NO,2.21,LOW
102124,YES,59.67,MEDIUM
102131,YES,67.0,MEDIUM
102134,YES,61.76,MEDIUM
102138,YES,88.94,HIGH
102139,NO,15.94,LOW
102142,YES,60.75,MEDIUM
102145,YES,51.17,MEDIUM
102146,YES,58.85,MEDIUM
102147,NO,2.44,LOW
102161,NO,11.55,LOW
102162,YES,96.19,HIGH
102170,NO,13.23,LOW
102171,NO,26.74,LOW
102182,NO,34.41,LOW
102184,NO,15.03,LOW
102185,NO,27.24,LOW
102186,NO,16.17,LOW
102195,NO,11.84,LOW
102196,NO,37.18,LOW
102197,NO,0.85,LOW
102200,NO,8.66,LOW
102203,NO,16.62,LOW
102204,NO,19.25,LOW
102211,NO,19.86,LOW
102216,YES,95.59,HIGH
102217,NO,1.97,LOW
102219,YES,69.07,MEDIUM
102224,NO,3.9,LOW
102226,NO,6.88,LOW
102229,NO,33.01,LOW
102237,YES,94.76,HIGH
102241,YES,51.47,MEDIUM
102243,NO,11.24,LOW
102248,YES,51.05,MEDIUM
102253,NO,4.59,LOW
102254,YES,96.86,HIGH
102256,NO,14.62,LOW
102257,NO,3.6,LOW
102258,NO,1.8,LOW
102264,NO,47.56,MEDIUM
102268,NO,13.33,LOW
102269,NO,11.92,LOW
102272,NO,1.03,LOW
102277,NO,3.77,LOW
102279,NO,3.89,LOW
102281,YES,91.63,HIGH
102283,YES,91.57,HIGH
102284,NO,4.41,LOW
102285,NO,2.21,LOW
102288,YES,68.83,MEDIUM
102289,NO,0.65,LOW
102291,NO,1.96,LOW
102302,NO,40.8,MEDIUM
102305,YES,58.3,MEDIUM
102306,NO,23.07,LOW
102315,NO,2.26,LOW
102316,NO,33.64,LOW
102317,NO,1.78,LOW
102318,NO,27.06,LOW
102324,NO,10.87,LOW
102327,NO,20.6,LOW
102329,YES,57.12,MEDIUM
102331,NO,0.74,LOW
102333,YES,71.59,HIGH
102337,YES,94.18,HIGH
102338,NO,1.49,LOW
102339,NO,11.21,LOW
102340,YES,81.89,HIGH
102341,YES,98.35,HIGH
102345,YES,50.04,MEDIUM
102348,NO,14.52,LOW
102349,YES,78.39,HIGH
102350,YES,72.08,HIGH
102353,YES,52.49,MEDIUM
102354,NO,44.04,MEDIUM
102355,NO,38.62,LOW
102357,NO,12.17,LOW
102359,NO,7.08,LOW
102363,NO,38.81,LOW
102365,NO,19.56,LOW
102367,NO,45.52,MEDIUM
102368,NO,14.11,LOW
102370,NO,1.02,LOW
102372,NO,8.99,LOW
102374,NO,18.93,LOW
102376,NO,19.01,LOW
102378,NO,6.33,LOW
102381,NO,3.19,LOW
102382,YES,77.78,HIGH
102386,YES,57.14,MEDIUM
102390,YES,79.8,HIGH
102391,YES,50.21,MEDIUM
102392,YES,66.39,MEDIUM
102397,YES,86.04,HIGH
102398,YES,89.18,HIGH
102400,NO,1.65,LOW
102404,NO,44.98,MEDIUM
102413,NO,33.72,LOW
102414,NO,10.07,LOW
102420,YES,55.97,MEDIUM
102423,NO,12.8,LOW
102424,NO,6.58,LOW
102427,YES,91.72,HIGH
102428,NO,20.89,LOW
102432,NO,17.2,LOW
102434,NO,19.76,LOW
102436,NO,9.56,LOW
102440,NO,0.3,LOW
102441,YES,85.49,HIGH
102444,NO,19.9,LOW
102445,NO,5.75,LOW
102446,NO,32.03,LOW
102448,NO,9.49,LOW
102451,YES,57.65,MEDIUM
102452,NO,35.07,LOW
102454,YES,55.49,MEDIUM
102457,NO,8.09,LOW
102458,YES,62.88,MEDIUM
102460,NO,36.6,LOW
102462,YES,99.45,HIGH
102463,NO,14.29,LOW
102465,NO,1.57,LOW
102466,NO,27.93,LOW
102467,NO,1.78,LOW
102468,NO,37.01,LOW
102469,NO,2.09,LOW
102470,NO,11.05,LOW
102478,YES,86.42,HIGH
102480,NO,23.15,LOW
102482,NO,30.97,LOW
102489,NO,6.39,LOW
102491,NO,8.78,LOW
102493,NO,16.94,LOW
102502,NO,3.41,LOW
102504,NO,41.85,MEDIUM
102508,YES,81.3,HIGH
102510,YES,51.13,MEDIUM
102521,NO,28.82,LOW
102531,NO,2.79,LOW
102532,YES,95.26,HIGH
102533,NO,35.64,LOW
102539,YES,50.18,MEDIUM
102544,YES,52.45,MEDIUM
102549,YES,81.82,HIGH
102556,NO,1.28,LOW
102557,NO,26.67,LOW
102559,NO,8.91,LOW
102566,NO,2.23,LOW
102575,NO,1.38,LOW
102577,NO,33.98,LOW
102583,NO,0.88,LOW
102585,NO,22.04,LOW
102587,NO,2.18,LOW
102595,NO,16.12,LOW
102598,NO,0.51,LOW
102602,NO,15.33,LOW
102603,YES,59.33,MEDIUM
102607,NO,19.7,LOW
102609,YES,70.11,HIGH
102611,YES,76.98,HIGH
102615,NO,2.23,LOW
102617,YES,58.72,MEDIUM
102619,NO,9.5,LOW
102626,NO,45.41,MEDIUM
102632,YES,69.74,MEDIUM
102634,YES,56.1,MEDIUM
102635,NO,4.05,LOW
102642,NO,48.17,MEDIUM
102643,NO,10.28,LOW
102647,NO,34.59,LOW
102649,NO,12.07,LOW
102650,NO,1.87,LOW
102653,YES,75.21,HIGH
102656,NO,7.63,LOW
102659,NO,39.01,LOW
102663,NO,45.53,MEDIUM
102679,NO,30.92,LOW
102682,NO,18.76,LOW
102685,NO,7.11,LOW
102686,NO,0.86,LOW
102689,NO,8.29,LOW
102691,YES,52.18,MEDIUM
102692,NO,6.49,LOW
102696,NO,38.72,LOW
102697,YES,52.47,MEDIUM
102701,NO,21.57,LOW
102709,YES,89.42,HIGH
102715,YES,71.03,HIGH
102716,NO,12.59,LOW
102717,NO,10.4,LOW
102720,YES,93.66,HIGH
102723,NO,2.68,LOW
102725,NO,11.96,LOW
102727,NO,0.51,LOW
102732,NO,3.21,LOW
102739,NO,0.56,LOW
102740,NO,36.7,LOW
102742,NO,7.72,LOW
102743,NO,30.12,LOW
102747,NO,3.52,LOW
102750,NO,9.94,LOW
102751,NO,17.78,LOW
102753,YES,92.46,HIGH
102754,NO,4.35,LOW
102756,YES,77.7,HIGH
102758,NO,26.61,LOW
102763,YES,91.43,HIGH
102766,NO,4.75,LOW
102767,YES,71.37,HIGH
102770,NO,17.37,LOW
102772,NO,42.63,MEDIUM
102773,NO,19.44,LOW
102777,YES,84.57,HIGH
102780,YES,62.02,MEDIUM
102781,NO,1.79,LOW
102782,NO,9.73,LOW
102783,YES,50.56,MEDIUM
102784,NO,45.81,MEDIUM
102789,NO,16.92,LOW
102793,YES,70.07,HIGH
102795,NO,0.65,LOW
102820,YES,98.04,HIGH
102828,YES,83.21,HIGH
102830,NO,13.14,LOW
102831,NO,21.74,LOW
102835,YES,84.96,HIGH
102838,YES,62.28,MEDIUM
102845,NO,8.61,LOW
102851,YES,62.14,MEDIUM
102852,NO,10.0,LOW
102855,NO,29.09,LOW
102857,NO,1.64,LOW
102874,NO,45.63,MEDIUM
102879,YES,54.78,MEDIUM
102880,NO,26.71,LOW
102881,YES,64.13,MEDIUM
102885,NO,27.68,LOW
102886,YES,53.75,MEDIUM
102888,NO,6.08,LOW
102890,NO,46.87,MEDIUM
102894,NO,24.29,LOW
102900,NO,13.4,LOW
102901,NO,2.59,LOW
102903,YES,89.33,HIGH
102904,YES,52.43,MEDIUM
102906,NO,44.77,MEDIUM
102907,YES,83.03,HIGH
102908,NO,5.03,LOW
102909,YES,79.14,HIGH
102910,NO,18.14,LOW
102917,YES,72.79,HIGH
102922,NO,8.21,LOW
102923,NO,10.33,LOW
102927,NO,33.81,LOW
102928,NO,1.13,LOW
102929,NO,47.21,MEDIUM
102934,NO,3.18,LOW
102938,NO,7.35,LOW
102942,NO,4.65,LOW
102948,YES,82.16,HIGH
102952,NO,45.67,MEDIUM
102954,NO,21.8,LOW
102958,NO,19.36,LOW
102961,YES,60.2,MEDIUM
102970,YES,84.85,HIGH
102971,NO,5.17,LOW
102975,NO,3.89,LOW
102982,YES,70.01,HIGH
102985,YES,88.11,HIGH
102987,NO,32.64,LOW
102990,NO,7.87,LOW
102991,YES,52.02,MEDIUM
102996,NO,15.47,LOW
103008,NO,13.53,LOW
103009,NO,5.53,LOW
103011,YES,97.14,HIGH
103025,NO,4.55,LOW
103026,NO,2.5,LOW
103027,NO,8.74,LOW
103028,NO,44.4,MEDIUM
103029,NO,32.06,LOW
103033,NO,22.32,LOW
103038,YES,93.98,HIGH
103039,NO,45.01,MEDIUM
103040,NO,41.4,MEDIUM
103043,NO,2.32,LOW
103044,NO,22.83,LOW
103047,NO,1.41,LOW
103054,NO,6.11,LOW
103055,NO,2.44,LOW
103056,NO,37.14,LOW
103059,NO,0.87,LOW
103064,NO,13.13,LOW
103068,NO,5.96,LOW
103070,NO,17.4,LOW
103071,NO,45.75,MEDIUM
103075,NO,27.81,LOW
103076,YES,95.41,HIGH
103083,NO,14.48,LOW
103086,NO,0.14,LOW
103093,YES,70.13,HIGH
103095,YES,51.53,MEDIUM
103098,NO,2.89,LOW
103101,NO,2.67,LOW
103105,NO,1.03,LOW
103106,NO,18.3,LOW
103107,YES,73.01,HIGH
103109,NO,14.15,LOW
103112,NO,23.52,LOW
103114,NO,3.31,LOW
103116,NO,16.25,LOW
103117,NO,5.48,LOW
103122,YES,52.23,MEDIUM
103124,NO,1.41,LOW
103127,NO,23.21,LOW
103134,NO,25.77,LOW
103135,NO,16.97,LOW
103138,YES,67.0,MEDIUM
103145,NO,8.83,LOW
103146,NO,25.04,LOW
103151,NO,17.39,LOW
103152,YES,93.05,HIGH
103153,NO,1.97,LOW
103154,NO,19.14,LOW
103156,NO,43.37,MEDIUM
103158,YES,71.38,HIGH
103163,YES,50.45,MEDIUM
103169,NO,7.77,LOW
103171,NO,18.43,LOW
103172,YES,83.77,HIGH
103175,NO,44.16,MEDIUM
103177,NO,4.6,LOW
103185,YES,92.8,HIGH
103188,NO,24.84,LOW
103193,NO,35.3,LOW
103196,NO,0.31,LOW
103197,NO,0.69,LOW
103198,NO,5.83,LOW
103201,NO,4.79,LOW
103205,NO,19.32,LOW
103207,NO,38.54,LOW
103208,NO,38.21,LOW
103210,YES,51.69,MEDIUM
103214,NO,3.09,LOW
103217,NO,19.76,LOW
103218,NO,17.69,LOW
103221,NO,40.96,MEDIUM
103226,YES,52.78,MEDIUM
103230,NO,4.06,LOW
103233,NO,48.46,MEDIUM
103237,NO,11.86,LOW
103238,NO,1.57,LOW
103239,NO,35.66,LOW
103242,NO,36.63,LOW
103244,NO,2.41,LOW
103246,NO,2.02,LOW
103250,NO,0.92,LOW
103253,NO,1.59,LOW
103263,NO,5.9,LOW
103269,NO,26.73,LOW
103270,NO,6.61,LOW
103271,NO,3.97,LOW
103272,NO,26.22,LOW
103275,NO,4.74,LOW
103277,NO,8.31,LOW
103278,YES,88.84,HIGH
103282,YES,95.82,HIGH
103285,YES,80.37,HIGH
103287,YES,50.68,MEDIUM
103288,NO,7.9,LOW
103292,NO,1.32,LOW
103293,NO,30.16,LOW
103294,NO,10.9,LOW
103295,NO,10.36,LOW
103301,YES,59.98,MEDIUM
103302,NO,38.12,LOW
103305,YES,69.57,MEDIUM
103306,NO,47.77,MEDIUM
103308,NO,0.82,LOW
103310,YES,76.81,HIGH
103317,NO,12.61,LOW
103318,NO,38.38,LOW
103322,NO,2.93,LOW
103323,NO,1.67,LOW
103327,YES,96.79,HIGH
103331,NO,1.75,LOW
103335,NO,20.34,LOW
103341,NO,7.63,LOW
103343,YES,52.7,MEDIUM
103344,YES,70.65,HIGH
103348,NO,47.5,MEDIUM
103350,NO,10.61,LOW
103351,YES,63.88,MEDIUM
103354,NO,17.37,LOW
103361,NO,33.67,LOW
103362,NO,4.26,LOW
103366,YES,86.72,HIGH
103369,NO,34.94,LOW
103374,YES,90.89,HIGH
103381,NO,9.3,LOW
103385,YES,54.5,MEDIUM
103386,NO,6.99,LOW
103387,NO,6.59,LOW
103391,NO,20.46,LOW
103392,NO,36.8,LOW
103395,YES,91.14,HIGH
103396,NO,11.05,LOW
103399,NO,46.55,MEDIUM
103401,NO,17.96,LOW
103402,NO,15.68,LOW
103407,NO,22.14,LOW
103409,NO,44.89,MEDIUM
103411,NO,22.87,LOW
103412,YES,53.41,MEDIUM
103416,NO,3.36,LOW
103417,YES,58.92,MEDIUM
103418,NO,3.16,LOW
103420,NO,1.17,LOW
103421,YES,82.88,HIGH
103422,NO,12.67,LOW
103426,NO,1.32,LOW
103428,YES,59.84,MEDIUM
103429,NO,4.74,LOW
103432,NO,33.24,LOW
103433,YES,74.28,HIGH
103436,NO,4.84,LOW
103439,NO,14.28,LOW
103441,YES,69.11,MEDIUM
103442,YES,51.09,MEDIUM
103444,NO,13.38,LOW
103446,YES,69.09,MEDIUM
103447,NO,5.97,LOW
103448,NO,4.5,LOW
103450,NO,8.86,LOW
103452,NO,5.63,LOW
103454,NO,2.46,LOW
103458,YES,97.74,HIGH
103461,YES,51.64,MEDIUM
103462,NO,22.54,LOW
103463,NO,40.79,MEDIUM
103464,NO,1.88,LOW
103475,NO,0.65,LOW
103480,NO,7.97,LOW
103481,NO,2.23,LOW
103482,YES,90.49,HIGH
103483,NO,36.53,LOW
103484,NO,8.32,LOW
103485,NO,0.66,LOW
103486,NO,6.65,LOW
103493,YES,77.32,HIGH
103494,NO,29.17,LOW
103495,NO,0.95,LOW
103496,NO,10.79,LOW
103498,NO,25.73,LOW
103500,YES,51.87,MEDIUM
103505,NO,13.11,LOW
103506,NO,7.65,LOW
103511,NO,37.11,LOW
103514,NO,17.25,LOW
103515,YES,61.31,MEDIUM
103516,YES,93.29,HIGH
103519,NO,2.01,LOW
103525,YES,52.67,MEDIUM
103528,NO,12.51,LOW
103531,NO,16.33,LOW
103533,NO,41.07,MEDIUM
103537,NO,4.78,LOW
103539,NO,12.66,LOW
103540,NO,16.45,LOW
103541,YES,81.84,HIGH
103548,NO,20.2,LOW
103550,NO,48.16,MEDIUM
103551,NO,21.84,LOW
103552,NO,38.29,LOW
103553,NO,49.32,MEDIUM
103556,NO,2.95,LOW
103559,NO,6.21,LOW
103560,YES,58.48,MEDIUM
103564,NO,6.54,LOW
103566,NO,7.25,LOW
103567,NO,3.97,LOW
103572,YES,85.18,HIGH
103574,NO,2.28,LOW
103575,NO,11.14,LOW
103576,NO,16.86,LOW
103577,YES,83.81,HIGH
103580,NO,19.66,LOW
103582,NO,7.49,LOW
103584,YES,92.27,HIGH
103587,YES,62.56,MEDIUM
103590,NO,6.11,LOW
103591,NO,20.69,LOW
103592,NO,19.28,LOW
103595,YES,80.31,HIGH
103598,NO,22.39,LOW
103600,NO,1.0,LOW
103603,NO,18.06,LOW
103607,NO,16.64,LOW
103608,NO,1.96,LOW
103611,NO,11.92,LOW
103615,NO,8.98,LOW
103618,NO,16.43,LOW
103619,NO,34.84,LOW
103621,NO,11.23,LOW
103624,NO,1.55,LOW
103625,NO,39.11,LOW
103629,NO,2.58,LOW
103631,NO,8.26,LOW
103637,NO,11.26,LOW
103641,NO,3.51,LOW
103643,NO,24.3,LOW
103644,YES,85.6,HIGH
103647,YES,63.06,MEDIUM
103658,NO,23.36,LOW
103659,YES,88.82,HIGH
103664,NO,34.93,LOW
103670,NO,1.32,LOW
103672,YES,80.3,HIGH
103674,NO,16.63,LOW
103676,YES,56.46,MEDIUM
103681,YES,96.72,HIGH
103683,NO,30.25,LOW
103685,NO,27.21,LOW
103690,NO,15.63,LOW
103691,NO,3.16,LOW
103693,NO,45.35,MEDIUM
103700,YES,77.87,HIGH
103702,YES,97.15,HIGH
103707,NO,4.73,LOW
103708,NO,7.48,LOW
103710,NO,26.31,LOW
103711,NO,20.47,LOW
103714,NO,4.54,LOW
103715,NO,1.6,LOW
103723,NO,8.65,LOW
103724,NO,6.12,LOW
103727,NO,29.24,LOW
103732,NO,49.33,MEDIUM
103736,NO,3.33,LOW
103738,NO,1.75,LOW
103741,NO,18.47,LOW
103743,NO,5.21,LOW
103750,YES,65.08,MEDIUM
103761,NO,10.68,LOW
103763,YES,77.47,HIGH
103765,NO,16.72,LOW
103766,NO,9.17,LOW
103770,YES,84.87,HIGH
103773,NO,34.1,LOW
103775,YES,70.44,HIGH
103776,YES,76.82,HIGH
103777,YES,90.16,HIGH
103779,NO,18.43,LOW
103785,YES,85.62,HIGH
103786,NO,2.72,LOW
103787,NO,29.6,LOW
103794,NO,14.35,LOW
103795,NO,29.88,LOW
103797,YES,84.18,HIGH
103799,YES,92.43,HIGH
103801,NO,46.93,MEDIUM
103802,NO,38.22,LOW
103808,NO,1.32,LOW
103809,YES,63.19,MEDIUM
103811,NO,1.72,LOW
103812,YES,52.41,MEDIUM
103814,NO,4.51,LOW
103815,NO,46.48,MEDIUM
103818,NO,11.58,LOW
103819,NO,10.19,LOW
103820,NO,2.11,LOW
103823,YES,53.47,MEDIUM
103825,NO,0.24,LOW
103826,YES,60.31,MEDIUM
103831,NO,18.94,LOW
103834,NO,45.65,MEDIUM
103840,YES,79.99,HIGH
103844,NO,1.51,LOW
103846,YES,94.34,HIGH
103854,YES,54.16,MEDIUM
103857,NO,19.78,LOW
103861,NO,20.34,LOW
103862,YES,50.61,MEDIUM
103863,NO,47.62,MEDIUM
103870,NO,4.62,LOW
103878,NO,23.65,LOW
103882,NO,36.89,LOW
103885,YES,53.78,MEDIUM
103888,NO,21.3,LOW
103889,NO,14.37,LOW
103893,NO,19.17,LOW
103897,YES,89.92,HIGH
103899,YES,82.51,HIGH
103900,YES,98.36,HIGH
103909,NO,18.77,LOW
103910,NO,1.16,LOW
103912,NO,10.58,LOW
103913,NO,48.74,MEDIUM
103917,NO,8.96,LOW
103923,NO,10.33,LOW
103925,NO,14.26,LOW
103929,NO,12.84,LOW
103930,NO,5.08,LOW
103931,NO,5.77,LOW
103934,NO,8.35,LOW
103935,NO,10.37,LOW
103936,NO,28.11,LOW
103938,YES,92.58,HIGH
103943,NO,29.37,LOW
103947,NO,46.21,MEDIUM
103952,NO,7.35,LOW
103953,NO,4.76,LOW
103954,NO,32.16,LOW
103956,NO,21.3,LOW
103958,NO,40.23,MEDIUM
103960,NO,7.76,LOW
103969,NO,0.54,LOW
103970,NO,42.92,MEDIUM
103971,YES,91.16,HIGH
103977,NO,3.83,LOW
103982,YES,83.11,HIGH
103984,YES,71.63,HIGH
103986,NO,11.26,LOW
103990,YES,95.05,HIGH
103991,NO,16.62,LOW
103995,NO,28.61,LOW
104002,NO,43.37,MEDIUM
104003,NO,0.41,LOW
104004,YES,91.58,HIGH
104006,YES,62.01,MEDIUM
104007,NO,11.48,LOW
104010,YES,95.04,HIGH
104013,NO,3.28,LOW
104014,NO,32.83,LOW
104016,NO,23.34,LOW
104026,NO,1.35,LOW
104029,NO,3.97,LOW
104032,YES,58.03,MEDIUM
104035,YES,86.37,HIGH
104041,NO,16.59,LOW
104044,NO,6.08,LOW
104045,NO,8.87,LOW
104046,NO,1.86,LOW
104047,YES,86.18,HIGH
104048,YES,52.06,MEDIUM
104052,NO,20.2,LOW
104053,YES,62.88,MEDIUM
104055,NO,39.11,LOW
104057,NO,21.99,LOW
104058,NO,3.95,LOW
104059,NO,20.02,LOW
104060,NO,16.27,LOW
104062,NO,1.01,LOW
104065,NO,41.82,MEDIUM
104066,NO,5.4,LOW
104067,YES,84.81,HIGH
104069,NO,38.13,LOW
104070,NO,5.39,LOW
104074,NO,39.79,LOW
104077,YES,58.38,MEDIUM
104078,YES,67.56,MEDIUM
104094,NO,3.76,LOW
104095,NO,14.51,LOW
104096,NO,8.11,LOW
104098,YES,60.52,MEDIUM
104099,NO,0.73,LOW
104101,NO,2.94,LOW
104104,YES,54.04,MEDIUM
104109,NO,46.46,MEDIUM
104118,NO,13.63,LOW
104123,NO,3.82,LOW
104124,YES,68.32,MEDIUM
104126,NO,19.78,LOW
104128,NO,44.34,MEDIUM
104132,NO,31.16,LOW
104134,NO,10.73,LOW
104135,NO,2.26,LOW
104136,NO,1.97,LOW
104137,NO,32.58,LOW
104138,NO,15.57,LOW
104141,NO,9.44,LOW
104143,NO,18.11,LOW
104145,NO,22.64,LOW
104146,NO,38.67,LOW
104149,NO,8.85,LOW
104153,YES,91.01,HIGH
104159,NO,28.93,LOW
104166,NO,15.64,LOW
104172,NO,20.0,LOW
104173,NO,3.36,LOW
104175,NO,1.01,LOW
104177,NO,3.18,LOW
104178,NO,0.91,LOW
104183,YES,68.46,MEDIUM
104184,NO,18.68,LOW
104187,NO,6.1,LOW
104191,NO,7.21,LOW
104192,NO,8.43,LOW
104194,NO,46.44,MEDIUM
104199,NO,7.46,LOW
104201,NO,10.23,LOW
104209,YES,53.67,MEDIUM
104211,NO,1.24,LOW
104212,NO,1.09,LOW
104215,NO,25.96,LOW
104216,NO,32.68,LOW
104217,NO,2.82,LOW
104218,NO,10.08,LOW
104222,NO,10.69,LOW
104224,YES,98.98,HIGH
104226,NO,15.87,LOW
104228,NO,47.59,MEDIUM
104231,NO,6.06,LOW
104232,YES,93.28,HIGH
104234,NO,24.9,LOW
104236,NO,9.45,LOW
104238,NO,34.39,LOW
104239,YES,81.99,HIGH
104240,NO,31.62,LOW
104241,YES,68.95,MEDIUM
104242,NO,18.86,LOW
104247,YES,57.77,MEDIUM
104251,NO,24.13,LOW
104252,YES,78.71,HIGH
104253,NO,12.24,LOW
104258,NO,47.98,MEDIUM
104262,NO,21.0,LOW
104264,NO,13.12,LOW
104266,NO,23.12,LOW
104271,NO,3.98,LOW
104273,NO,2.83,LOW
104276,NO,6.6,LOW
104277,YES,87.5,HIGH
104278,NO,1.54,LOW
104280,YES,79.55,HIGH
104284,NO,29.88,LOW
104289,NO,30.82,LOW
104292,YES,96.53,HIGH
104296,NO,6.12,LOW
104300,NO,41.1,MEDIUM
104301,NO,25.78,LOW
104305,NO,5.18,LOW
104307,NO,36.22,LOW
104308,NO,18.41,LOW
104312,NO,42.44,MEDIUM
104315,NO,17.32,LOW
104319,NO,16.6,LOW
104324,NO,0.57,LOW
104330,NO,39.09,LOW
104333,NO,25.73,LOW
104335,NO,7.23,LOW
104337,YES,65.6,MEDIUM
104343,NO,45.32,MEDIUM
104344,NO,9.88,LOW
104345,NO,28.15,LOW
104348,YES,95.93,HIGH
104356,NO,0.66,LOW
104357,YES,56.13,MEDIUM
104360,NO,31.53,LOW
104363,NO,0.63,LOW
104365,NO,4.84,LOW
104369,NO,3.85,LOW
104371,YES,73.1,HIGH
104373,NO,5.17,LOW
104374,NO,48.93,MEDIUM
104375,NO,10.06,LOW
104376,YES,75.34,HIGH
104377,NO,18.65,LOW
104381,YES,85.21,HIGH
104383,NO,26.57,LOW
104384,NO,35.38,LOW
104385,YES,91.27,HIGH
104395,NO,12.5,LOW
104397,NO,18.99,LOW
104399,NO,21.88,LOW
104403,YES,97.21,HIGH
104404,NO,38.05,LOW
104405,YES,94.99,HIGH
104406,NO,12.54,LOW
104414,NO,22.35,LOW
104415,NO,8.55,LOW
104416,YES,77.34,HIGH
104418,YES,91.69,HIGH
104425,NO,26.55,LOW
104430,NO,32.0,LOW
104431,NO,22.13,LOW
104432,NO,11.58,LOW
104434,NO,28.5,LOW
104443,YES,77.59,HIGH
104449,NO,12.65,LOW
104450,NO,33.06,LOW
104453,NO,23.18,LOW
104455,NO,24.35,LOW
104457,NO,7.89,LOW
104459,NO,9.35,LOW
104460,NO,17.36,LOW
104461,NO,12.85,LOW
104462,NO,15.62,LOW
104465,YES,78.95,HIGH
104466,NO,21.97,LOW
104467,NO,4.71,LOW
104470,YES,77.77,HIGH
104475,YES,91.16,HIGH
104481,NO,48.83,MEDIUM
104482,NO,25.58,LOW
104489,NO,27.76,LOW
104491,NO,18.29,LOW
104494,NO,8.44,LOW
104496,YES,95.97,HIGH
104500,YES,89.81,HIGH
104501,NO,9.23,LOW
104504,NO,24.21,LOW
104508,YES,98.01,HIGH
104512,NO,46.79,MEDIUM
104514,NO,2.78,LOW
104516,YES,65.92,MEDIUM
104519,NO,12.61,LOW
104520,NO,0.72,LOW
104521,NO,9.76,LOW
104523,NO,3.66,LOW
104524,NO,8.73,LOW
104525,NO,4.7,LOW
104528,YES,83.29,HIGH
104532,NO,25.9,LOW
104537,NO,6.82,LOW
104541,NO,2.19,LOW
104553,NO,17.43,LOW
104554,YES,71.41,HIGH
104558,NO,18.77,LOW
104560,NO,1.44,LOW
104561,YES,91.52,HIGH
104562,NO,17.63,LOW
104563,NO,30.06,LOW
104564,YES,80.98,HIGH
104566,YES,76.16,HIGH
104567,NO,0.27,LOW
104572,NO,0.56,LOW
104578,NO,4.32,LOW
104580,NO,10.5,LOW
104581,NO,2.46,LOW
104582,NO,7.11,LOW
104584,NO,8.87,LOW
104586,YES,92.83,HIGH
104587,NO,4.6,LOW
104589,NO,13.27,LOW
104595,NO,4.41,LOW
104596,NO,2.76,LOW
104598,NO,2.85,LOW
104602,NO,3.02,LOW
104609,YES,67.55,MEDIUM
104621,YES,54.13,MEDIUM
104625,NO,7.73,LOW
104630,NO,18.59,LOW
104631,NO,8.19,LOW
104632,YES,82.49,HIGH
104633,NO,3.46,LOW
104645,YES,80.89,HIGH
104648,YES,85.72,HIGH
104651,NO,12.43,LOW
104652,NO,30.83,LOW
104667,NO,1.25,LOW
104669,YES,62.16,MEDIUM
104670,YES,80.57,HIGH
104671,NO,17.34,LOW
104673,NO,1.78,LOW
104680,NO,7.3,LOW
104681,YES,97.73,HIGH
104686,YES,57.66,MEDIUM
104689,YES,57.88,MEDIUM
104692,YES,56.79,MEDIUM
104693,NO,2.69,LOW
104695,NO,6.25,LOW
104696,NO,2.98,LOW
104697,NO,4.75,LOW
104698,YES,74.92,HIGH
104699,YES,79.7,HIGH
104705,NO,15.97,LOW
104706,NO,9.07,LOW
104707,NO,14.35,LOW
104709,NO,34.96,LOW
104710,NO,18.89,LOW
104713,NO,25.91,LOW
104717,NO,0.19,LOW
104724,YES,50.27,MEDIUM
104725,NO,13.87,LOW
104728,NO,2.18,LOW
104729,NO,1.53,LOW
104731,NO,20.49,LOW
104732,NO,13.81,LOW
104735,NO,4.61,LOW
104737,NO,24.81,LOW
104738,NO,9.4,LOW
104745,NO,4.48,LOW
104755,NO,0.82,LOW
104756,YES,66.82,MEDIUM
104758,NO,26.18,LOW
104760,NO,0.44,LOW
104761,YES,51.38,MEDIUM
104765,NO,4.41,LOW
104770,YES,91.24,HIGH
104773,NO,5.32,LOW
104774,YES,51.74,MEDIUM
104779,NO,47.45,MEDIUM
104781,YES,52.11,MEDIUM
104789,NO,29.47,LOW
104790,NO,3.1,LOW
104794,NO,28.29,LOW
104795,NO,5.37,LOW
104796,NO,15.65,LOW
104797,NO,3.37,LOW
104800,NO,29.37,LOW
104802,NO,44.27,MEDIUM
104803,YES,62.2,MEDIUM
104804,NO,48.9,MEDIUM
104808,NO,30.31,LOW
104812,NO,13.79,LOW
104813,NO,11.91,LOW
104817,NO,25.68,LOW
104819,YES,88.32,HIGH
104821,YES,85.5,HIGH
104822,NO,2.59,LOW
104825,NO,10.48,LOW
104832,NO,2.91,LOW
104833,NO,16.4,LOW
104834,NO,22.25,LOW
104835,NO,16.51,LOW
104840,NO,23.8,LOW
104842,NO,20.75,LOW
104844,YES,88.02,HIGH
104845,NO,2.86,LOW
104846,YES,66.62,MEDIUM
104853,NO,10.7,LOW
104859,NO,2.08,LOW
104861,NO,6.34,LOW
104864,NO,27.0,LOW
104868,NO,15.8,LOW
104881,NO,4.1,LOW
104883,NO,14.15,LOW
104884,NO,5.0,LOW
104886,NO,21.55,LOW
104892,NO,9.04,LOW
104893,NO,5.07,LOW
104897,NO,7.05,LOW
104906,NO,33.64,LOW
104915,NO,1.76,LOW
104916,YES,59.9,MEDIUM
104917,NO,12.9,LOW
104919,NO,31.47,LOW
104920,NO,5.57,LOW
104924,NO,41.42,MEDIUM
104925,NO,15.36,LOW
104926,NO,1.93,LOW
104928,NO,27.67,LOW
104937,NO,13.82,LOW
104942,NO,36.99,LOW
104946,YES,71.91,HIGH
104948,NO,0.61,LOW
104950,NO,2.33,LOW
104964,NO,31.25,LOW
104966,YES,97.46,HIGH
104970,YES,67.49,MEDIUM
104971,NO,3.52,LOW
104973,YES,73.51,HIGH
104975,YES,92.15,HIGH
104976,NO,13.31,LOW
104987,NO,7.38,LOW
104990,NO,1.37,LOW
104994,NO,2.87,LOW
104998,NO,0.57,LOW
104999,NO,3.36,LOW
100001,NO,0.47,LOW
100003,YES,70.72,HIGH
100005,YES,52.49,MEDIUM
100010,YES,59.3,MEDIUM
100012,YES,59.02,MEDIUM
100016,YES,53.03,MEDIUM
100017,NO,13.95,LOW
100024,NO,27.95,LOW
100025,NO,1.19,LOW
100028,NO,13.66,LOW
100030,NO,32.98,LOW
100038,NO,23.93,LOW
100039,NO,23.68,LOW
100049,NO,5.96,LOW
100051,NO,9.99,LOW
100055,NO,12.55,LOW
100059,YES,79.68,HIGH
100061,NO,9.12,LOW
100062,YES,96.66,HIGH
100064,NO,16.06,LOW
100066,NO,3.59,LOW
100068,NO,2.54,LOW
100073,NO,36.16,LOW
100078,NO,0.13,LOW
100079,NO,11.48,LOW
100080,NO,14.81,LOW
100082,NO,3.62,LOW
100083,NO,37.22,LOW
100084,NO,14.62,LOW
100086,NO,34.27,LOW
100089,NO,38.4,LOW
100093,NO,31.95,LOW
100095,NO,0.94,LOW
100096,YES,51.42,MEDIUM
100097,NO,28.2,LOW
100100,NO,3.76,LOW
100102,YES,86.63,HIGH
100105,NO,20.03,LOW
100108,NO,5.04,LOW
100109,NO,40.62,MEDIUM
100110,YES,65.95,MEDIUM
100112,NO,5.7,LOW
100113,NO,46.99,MEDIUM
100117,NO,27.65,LOW
100127,NO,44.84,MEDIUM
100129,NO,6.83,LOW
100131,NO,2.94,LOW
100132,NO,7.92,LOW
100134,NO,31.87,LOW
100137,NO,0.4,LOW
100141,NO,4.68,LOW
100147,NO,37.54,LOW
100152,NO,12.69,LOW
100162,NO,42.45,MEDIUM
100163,YES,57.0,MEDIUM
100165,NO,11.56,LOW
100166,NO,17.77,LOW
100183,NO,22.04,LOW
100184,YES,59.83,MEDIUM
100190,NO,9.51,LOW
100194,NO,3.11,LOW
100196,YES,87.01,HIGH
100198,NO,4.7,LOW
100199,YES,64.93,MEDIUM
100207,NO,6.78,LOW
100211,NO,49.73,MEDIUM
100212,NO,1.94,LOW
100215,YES,83.48,HIGH
100220,YES,91.0,HIGH
100224,NO,40.61,MEDIUM
100227,NO,17.93,LOW
100231,YES,71.57,HIGH
100232,YES,86.54,HIGH
100237,YES,64.0,MEDIUM
100241,NO,8.54,LOW
100243,NO,6.52,LOW
100245,NO,7.73,LOW
100251,NO,2.92,LOW
100254,YES,73.53,HIGH
100261,NO,2.77,LOW
100264,NO,20.48,LOW
100268,NO,30.49,LOW
100276,NO,3.21,LOW
100278,YES,72.5,HIGH
100280,NO,0.66,LOW
100283,YES,83.83,HIGH
100284,NO,30.49,LOW
100286,NO,7.57,LOW
100291,NO,48.26,MEDIUM
100294,NO,30.52,LOW
100296,NO,12.18,LOW
100297,NO,10.8,LOW
100298,NO,23.03,LOW
100301,NO,22.59,LOW
100302,NO,29.05,LOW
100304,YES,65.08,MEDIUM
100305,NO,41.12,MEDIUM
100310,YES,70.61,HIGH
100311,NO,12.5,LOW
100314,NO,5.95,LOW
100318,NO,30.92,LOW
100320,NO,32.94,LOW
100323,NO,27.0,LOW
100326,NO,5.71,LOW
100328,NO,27.56,LOW
100329,YES,90.65,HIGH
100331,NO,6.97,LOW
100333,NO,44.37,MEDIUM
100335,NO,7.41,LOW
100342,NO,6.87,LOW
100345,NO,7.13,LOW
100346,NO,9.49,LOW
100349,NO,21.11,LOW
100354,YES,54.34,MEDIUM
100360,YES,94.32,HIGH
100362,NO,1.26,LOW
100363,NO,23.12,LOW
100370,NO,0.98,LOW
100372,NO,3.62,LOW
100376,NO,18.33,LOW
100378,YES,69.59,MEDIUM
100379,YES,80.86,HIGH
100382,YES,64.75,MEDIUM
100385,NO,16.43,LOW
100397,NO,43.65,MEDIUM
100401,NO,7.73,LOW
100406,YES,82.57,HIGH
100413,YES,92.47,HIGH
100416,YES,85.93,HIGH
100417,NO,41.03,MEDIUM
100419,NO,2.25,LOW
100421,NO,5.13,LOW
100422,NO,40.75,MEDIUM
100428,YES,65.85,MEDIUM
100429,NO,15.72,LOW
100432,NO,26.71,LOW
100434,NO,1.15,LOW
100436,NO,1.39,LOW
100439,NO,2.41,LOW
100440,YES,62.4,MEDIUM
100448,NO,5.39,LOW
100451,NO,8.75,LOW
100452,NO,8.28,LOW
100456,NO,1.86,LOW
100463,NO,3.85,LOW
100464,NO,8.0,LOW
100467,NO,1.56,LOW
100472,NO,8.34,LOW
100474,NO,12.58,LOW
100476,NO,13.25,LOW
100488,NO,18.76,LOW
100494,NO,14.41,LOW
100499,NO,0.38,LOW
100500,YES,84.22,HIGH
100503,YES,59.45,MEDIUM
100505,NO,13.23,LOW
100506,YES,87.87,HIGH
100508,YES,88.86,HIGH
100509,YES,67.07,MEDIUM
100510,YES,50.87,MEDIUM
100511,NO,14.04,LOW
100513,YES,85.06,HIGH
100514,YES,50.27,MEDIUM
100517,NO,33.57,LOW
100520,NO,20.1,LOW
100524,YES,87.66,HIGH
100525,YES,69.84,MEDIUM
100526,NO,38.89,LOW
100527,YES,81.35,HIGH
100528,NO,20.5,LOW
100531,YES,56.04,MEDIUM
100532,NO,5.29,LOW
100536,YES,57.98,MEDIUM
100537,NO,25.4,LOW
100538,NO,17.98,LOW
100540,NO,7.49,LOW
100541,NO,43.53,MEDIUM
100545,NO,14.08,LOW
100546,YES,78.94,HIGH
100549,NO,10.7,LOW
100551,NO,6.32,LOW
100552,YES,77.86,HIGH
100553,NO,12.22,LOW
100557,YES,76.13,HIGH
100558,NO,22.66,LOW
100563,YES,85.76,HIGH
100567,YES,53.41,MEDIUM
100569,NO,17.79,LOW
100575,NO,5.61,LOW
100580,NO,42.13,MEDIUM
100586,NO,21.55,LOW
100590,NO,1.18,LOW
100593,NO,22.7,LOW
100597,YES,75.38,HIGH
100599,NO,12.5,LOW
100600,NO,4.29,LOW
100605,NO,20.8,LOW
100610,YES,71.95,HIGH
100612,NO,28.48,LOW
100615,NO,7.63,LOW
100616,NO,11.24,LOW
100618,NO,25.08,LOW
100622,NO,9.34,LOW
100626,NO,13.93,LOW
100631,NO,49.76,MEDIUM
100632,NO,9.71,LOW
100635,NO,4.04,LOW
100641,YES,80.93,HIGH
100642,YES,54.56,MEDIUM
100643,NO,29.76,LOW
100644,NO,34.71,LOW
100646,NO,10.52,LOW
100650,NO,17.84,LOW
100651,YES,85.36,HIGH
100655,NO,8.97,LOW
100657,NO,6.9,LOW
100658,NO,28.31,LOW
100665,NO,7.77,LOW
100666,NO,19.34,LOW
100670,NO,9.0,LOW
100676,NO,36.83,LOW
100683,YES,73.4,HIGH
100685,NO,14.09,LOW
100688,YES,74.06,HIGH
100696,NO,5.58,LOW
100697,NO,5.01,LOW
100700,NO,2.35,LOW
100706,NO,39.05,LOW
100707,YES,54.6,MEDIUM
100708,NO,10.26,LOW
100712,NO,33.04,LOW
100714,NO,31.27,LOW
100722,NO,32.62,LOW
100728,NO,4.64,LOW
100730,YES,53.59,MEDIUM
100732,NO,4.3,LOW
100739,NO,1.88,LOW
100742,NO,1.24,LOW
100743,YES,93.66,HIGH
100746,NO,12.62,LOW
100747,NO,1.93,LOW
100752,NO,44.35,MEDIUM
100753,YES,57.44,MEDIUM
100755,NO,1.18,LOW
100758,NO,21.98,LOW
100759,NO,14.02,LOW
100760,YES,55.03,MEDIUM
100761,NO,6.8,LOW
100767,NO,34.97,LOW
100771,YES,57.97,MEDIUM
100780,NO,1.31,LOW
100783,NO,2.34,LOW
100788,YES,93.29,HIGH
100791,YES,89.96,HIGH
100792,NO,29.99,LOW
100795,NO,15.27,LOW
100798,NO,1.88,LOW
100805,NO,16.48,LOW
100807,YES,67.35,MEDIUM
100810,NO,21.93,LOW
100812,NO,12.69,LOW
100813,NO,0.95,LOW
100819,NO,35.43,LOW
100821,YES,51.05,MEDIUM
100824,NO,12.5,LOW
100825,NO,0.79,LOW
100827,NO,10.58,LOW
100832,NO,3.36,LOW
100833,NO,17.93,LOW
100834,NO,13.89,LOW
100835,NO,37.67,LOW
100843,NO,2.64,LOW
100844,NO,17.24,LOW
100848,NO,0.7,LOW
100854,NO,36.03,LOW
100855,YES,80.79,HIGH
100860,NO,47.31,MEDIUM
100863,NO,46.66,MEDIUM
100867,NO,6.75,LOW
100869,YES,80.73,HIGH
100870,NO,5.86,LOW
100872,NO,19.76,LOW
100874,NO,46.07,MEDIUM
100876,NO,0.59,LOW
100877,NO,2.04,LOW
100879,NO,39.86,LOW
100882,YES,97.0,HIGH
100883,NO,0.72,LOW
100885,NO,7.12,LOW
100887,YES,81.2,HIGH
100889,NO,19.23,LOW
100893,NO,8.57,LOW
100897,YES,50.89,MEDIUM
100898,NO,15.03,LOW
100899,NO,0.62,LOW
100900,NO,35.25,LOW
100902,NO,31.85,LOW
100903,NO,42.68,MEDIUM
100904,NO,7.28,LOW
100906,NO,9.66,LOW
100907,NO,5.7,LOW
100912,NO,46.18,MEDIUM
100913,YES,50.55,MEDIUM
100914,NO,27.4,LOW
100915,NO,1.87,LOW
100916,YES,77.37,HIGH
100920,NO,16.71,LOW
100923,YES,88.33,HIGH
100925,NO,24.71,LOW
100927,NO,30.35,LOW
100937,NO,6.07,LOW
100940,NO,22.07,LOW
100943,YES,95.6,HIGH
100947,YES,90.03,HIGH
100948,NO,13.9,LOW
100957,NO,6.63,LOW
100962,NO,24.66,LOW
100964,YES,63.15,MEDIUM
100968,NO,25.01,LOW
100970,NO,29.08,LOW
100982,NO,15.55,LOW
100991,NO,0.68,LOW
100995,NO,1.73,LOW
100996,NO,1.36,LOW
100997,NO,15.31,LOW
100998,YES,50.96,MEDIUM
101002,NO,1.39,LOW
101004,NO,16.67,LOW
101011,NO,25.06,LOW
101012,NO,23.3,LOW
101014,YES,85.69,HIGH
101016,NO,2.14,LOW
101022,NO,31.42,LOW
101023,NO,26.22,LOW
101024,NO,12.99,LOW
101027,NO,4.0,LOW
101032,NO,0.48,LOW
101034,NO,21.0,LOW
101036,NO,25.88,LOW
101038,NO,0.16,LOW
101040,NO,4.46,LOW
101043,NO,11.35,LOW
101045,YES,52.71,MEDIUM
101046,NO,17.67,LOW
101047,NO,37.61,LOW
101048,NO,16.52,LOW
101062,NO,22.32,LOW
101063,YES,95.45,HIGH
101072,NO,7.95,LOW
101073,YES,60.85,MEDIUM
101074,NO,1.8,LOW
101077,NO,0.15,LOW
101080,NO,7.03,LOW
101084,NO,32.99,LOW
101090,NO,31.07,LOW
101095,NO,22.82,LOW
101100,NO,17.83,LOW
101102,NO,1.1,LOW
101106,YES,75.8,HIGH
101109,NO,12.7,LOW
101110,NO,6.73,LOW
101112,NO,14.86,LOW
101113,NO,12.44,LOW
101121,NO,6.94,LOW
101122,NO,35.95,LOW
101129,YES,88.81,HIGH
101132,NO,35.53,LOW
101134,NO,6.23,LOW
101135,NO,4.95,LOW
101138,NO,19.14,LOW
101139,NO,3.07,LOW
101146,NO,27.56,LOW
101151,NO,43.45,MEDIUM
101153,NO,2.38,LOW
101154,NO,9.49,LOW
101156,NO,7.74,LOW
101158,NO,2.9,LOW
101159,NO,3.42,LOW
101160,YES,57.15,MEDIUM
101164,YES,58.88,MEDIUM
101168,NO,2.11,LOW
101170,YES,66.07,MEDIUM
101171,NO,40.56,MEDIUM
101173,NO,16.81,LOW
101174,YES,64.22,MEDIUM
101176,YES,87.45,HIGH
101179,YES,53.8,MEDIUM
101185,YES,77.67,HIGH
101188,NO,15.14,LOW
101189,NO,7.23,LOW
101190,NO,10.22,LOW
101192,NO,9.31,LOW
101195,NO,2.34,LOW
101196,NO,1.49,LOW
101197,NO,31.39,LOW
101198,NO,25.53,LOW
101214,NO,18.58,LOW
101216,NO,12.93,LOW
101217,NO,1.85,LOW
101218,NO,5.87,LOW
101220,NO,1.46,LOW
101221,NO,40.26,MEDIUM
101224,NO,9.79,LOW
101229,NO,9.18,LOW
101231,NO,4.41,LOW
101232,NO,11.25,LOW
101234,YES,55.39,MEDIUM
101236,NO,14.47,LOW
101240,YES,55.66,MEDIUM
101253,YES,51.74,MEDIUM
101255,NO,0.96,LOW
101257,NO,36.36,LOW
101259,NO,1.07,LOW
101260,NO,1.4,LOW
101264,NO,19.66,LOW
101266,YES,51.14,MEDIUM
101267,YES,75.69,HIGH
101272,NO,3.01,LOW
101274,YES,73.46,HIGH
101277,NO,21.64,LOW
101279,NO,7.56,LOW
101285,NO,23.49,LOW
101286,YES,55.57,MEDIUM
101287,NO,44.1,MEDIUM
101290,NO,18.93,LOW
101297,NO,1.88,LOW
101298,NO,0.62,LOW
101299,NO,17.49,LOW
101303,NO,5.77,LOW
101305,YES,89.28,HIGH
101307,NO,42.41,MEDIUM
101310,YES,71.1,HIGH
101313,YES,61.06,MEDIUM
101318,YES,58.37,MEDIUM
101319,YES,89.21,HIGH
101322,NO,37.53,LOW
101325,NO,11.7,LOW
101329,YES,51.36,MEDIUM
101331,NO,7.25,LOW
101334,YES,50.13,MEDIUM
101336,YES,74.95,HIGH
101338,NO,8.71,LOW
101339,YES,75.13,HIGH
101342,NO,45.53,MEDIUM
101344,NO,2.4,LOW
101346,YES,61.7,MEDIUM
101348,NO,21.28,LOW
101349,NO,15.68,LOW
101358,NO,47.12,MEDIUM
101360,NO,5.14,LOW
101362,YES,54.41,MEDIUM
101364,NO,0.66,LOW
101367,YES,51.07,MEDIUM
101368,NO,44.91,MEDIUM
101371,YES,63.56,MEDIUM
101373,NO,35.78,LOW
101375,YES,89.23,HIGH
101377,NO,36.3,LOW
101378,YES,79.98,HIGH
101379,YES,57.84,MEDIUM
101381,YES,72.08,HIGH
101382,YES,55.72,MEDIUM
101384,NO,28.4,LOW
101390,NO,36.99,LOW
101394,YES,70.93,HIGH
101396,NO,14.83,LOW
101399,YES,90.06,HIGH
101400,YES,62.82,MEDIUM
101405,NO,20.25,LOW
101406,NO,12.13,LOW
101408,YES,79.94,HIGH
101414,NO,2.53,LOW
101416,NO,2.86,LOW
101417,NO,1.55,LOW
101419,NO,13.98,LOW
101421,YES,66.16,MEDIUM
101422,NO,23.47,LOW
101423,NO,3.55,LOW
101426,NO,46.78,MEDIUM
101427,NO,1.1,LOW
101428,YES,62.31,MEDIUM
101432,YES,61.11,MEDIUM
101433,NO,13.41,LOW
101435,YES,83.76,HIGH
101437,NO,9.48,LOW
101440,NO,19.16,LOW
101443,NO,1.16,LOW
101445,NO,12.1,LOW
101446,NO,9.33,LOW
101448,NO,3.95,LOW
101450,NO,12.67,LOW
101455,NO,24.0,LOW
101456,NO,29.56,LOW
101457,YES,60.73,MEDIUM
101459,NO,4.75,LOW
101463,YES,92.8,HIGH
101469,NO,31.09,LOW
101471,YES,93.88,HIGH
101478,YES,76.18,HIGH
101484,NO,9.43,LOW
101486,NO,4.24,LOW
101487,NO,1.62,LOW
101491,NO,4.83,LOW
101493,NO,6.05,LOW
101494,YES,65.7,MEDIUM
101496,NO,7.97,LOW
101498,NO,5.64,LOW
101500,NO,14.04,LOW
101503,NO,9.86,LOW
101511,NO,22.15,LOW
101514,NO,7.39,LOW
101518,NO,3.42,LOW
101526,NO,18.82,LOW
101530,NO,14.23,LOW
101531,YES,60.95,MEDIUM
101533,NO,1.59,LOW
101534,NO,1.39,LOW
101537,NO,39.85,LOW
101543,NO,42.03,MEDIUM
101544,NO,19.65,LOW
101548,NO,5.37,LOW
101551,NO,11.39,LOW
101552,NO,9.1,LOW
101556,NO,16.85,LOW
101563,NO,29.89,LOW
101565,YES,98.96,HIGH
101566,NO,1.71,LOW
101575,YES,93.4,HIGH
101579,YES,97.51,HIGH
101585,NO,40.87,MEDIUM
101587,NO,10.24,LOW
101588,NO,13.87,LOW
101589,NO,23.61,LOW
101590,NO,8.25,LOW
101591,NO,9.56,LOW
101592,NO,0.3,LOW
101594,NO,20.06,LOW
101598,NO,0.18,LOW
101600,NO,5.45,LOW
101610,NO,10.95,LOW
101611,NO,2.79,LOW
101614,NO,30.98,LOW
101617,YES,50.86,MEDIUM
101618,NO,15.53,LOW
101620,NO,25.87,LOW
101622,NO,16.63,LOW
101625,NO,3.59,LOW
101627,YES,73.09,HIGH
101628,NO,47.88,MEDIUM
101629,NO,5.34,LOW
101631,YES,97.59,HIGH
101637,NO,3.65,LOW
101642,NO,2.04,LOW
101643,NO,44.48,MEDIUM
101645,NO,5.99,LOW
101648,NO,2.77,LOW
101656,NO,2.05,LOW
101657,NO,9.56,LOW
101659,NO,31.46,LOW
101661,YES,87.49,HIGH
101662,YES,50.87,MEDIUM
101669,NO,37.33,LOW
101671,NO,11.93,LOW
101672,NO,13.45,LOW
101675,NO,25.36,LOW
101676,NO,8.17,LOW
101683,YES,77.83,HIGH
101684,NO,44.73,MEDIUM
101687,NO,1.21,LOW
101692,NO,8.33,LOW
101693,YES,85.63,HIGH
101695,NO,14.98,LOW
101696,NO,17.98,LOW
101699,NO,37.8,LOW
101701,YES,93.22,HIGH
101702,NO,6.44,LOW
101706,NO,49.18,MEDIUM
101713,YES,56.36,MEDIUM
101716,YES,71.28,HIGH
101719,NO,1.6,LOW
101722,NO,5.43,LOW
101723,NO,0.68,LOW
101726,NO,49.26,MEDIUM
101731,NO,49.7,MEDIUM
101732,NO,10.36,LOW
101733,NO,9.0,LOW
101738,YES,61.03,MEDIUM
101739,YES,94.4,HIGH
101745,YES,73.07,HIGH
101747,NO,46.45,MEDIUM
101748,NO,18.64,LOW
101752,NO,10.03,LOW
101753,NO,36.11,LOW
101756,NO,5.12,LOW
101758,NO,4.64,LOW
101766,NO,17.72,LOW
101770,NO,13.49,LOW
101773,NO,12.83,LOW
101774,NO,3.74,LOW
101776,YES,90.22,HIGH
101779,NO,0.75,LOW
101781,NO,4.33,LOW
101784,NO,8.35,LOW
101787,YES,74.38,HIGH
101788,YES,76.73,HIGH
101792,NO,39.37,LOW
101793,YES,95.5,HIGH
101797,YES,90.38,HIGH
101800,NO,34.76,LOW
101802,NO,44.81,MEDIUM
101803,NO,6.34,LOW
101804,YES,90.9,HIGH
101805,NO,44.32,MEDIUM
101808,NO,10.55,LOW
101810,YES,61.78,MEDIUM
101811,YES,95.64,HIGH
101814,NO,4.34,LOW
101815,NO,7.0,LOW
101819,NO,34.96,LOW
101820,NO,45.48,MEDIUM
101823,YES,97.35,HIGH
101826,NO,9.31,LOW
101828,YES,71.87,HIGH
101831,NO,4.19,LOW
101834,NO,1.94,LOW
101838,NO,8.17,LOW
101845,NO,35.64,LOW
101846,NO,11.41,LOW
101847,YES,84.0,HIGH
101850,NO,1.92,LOW
101853,NO,3.53,LOW
101854,NO,4.35,LOW
101859,NO,29.76,LOW
101861,YES,64.91,MEDIUM
101863,NO,28.47,LOW
101864,NO,34.97,LOW
101868,NO,17.76,LOW
101869,NO,8.02,LOW
101870,NO,33.78,LOW
101871,YES,81.49,HIGH
101876,NO,14.95,LOW
101877,NO,2.38,LOW
101884,YES,65.51,MEDIUM
101886,NO,7.16,LOW
101891,NO,44.11,MEDIUM
101893,NO,18.96,LOW
101895,NO,23.0,LOW
101896,NO,48.43,MEDIUM
101903,NO,3.82,LOW
101905,NO,8.34,LOW
101906,NO,3.84,LOW
101907,NO,1.14,LOW
101908,NO,16.43,LOW
101916,YES,67.09,MEDIUM
101917,YES,65.98,MEDIUM
101922,NO,22.21,LOW
101927,NO,17.18,LOW
101932,NO,1.63,LOW
101933,NO,24.76,LOW
101939,NO,25.26,LOW
101941,NO,15.51,LOW
101943,NO,40.15,MEDIUM
101948,NO,29.61,LOW
101949,NO,2.56,LOW
101952,NO,19.62,LOW
101953,NO,41.81,MEDIUM
101954,NO,5.51,LOW
101957,NO,45.82,MEDIUM
101958,NO,14.75,LOW
101960,NO,1.03,LOW
101961,NO,1.28,LOW
101963,YES,51.77,MEDIUM
101965,NO,31.34,LOW
101968,NO,14.09,LOW
101969,YES,61.6,MEDIUM
101971,NO,4.82,LOW
101972,NO,40.47,MEDIUM
101974,NO,26.93,LOW
101976,NO,28.54,LOW
101978,YES,81.94,HIGH
101979,YES,53.15,MEDIUM
101980,NO,20.05,LOW
101983,YES,94.33,HIGH
101985,NO,7.85,LOW
101987,NO,31.12,LOW
101992,NO,25.04,LOW
101993,NO,28.0,LOW
101994,NO,32.48,LOW
101998,NO,44.18,MEDIUM
101999,NO,10.8,LOW
102000,YES,56.47,MEDIUM
102003,NO,6.37,LOW
102005,NO,10.61,LOW
102006,NO,5.23,LOW
102007,YES,55.71,MEDIUM
102012,YES,68.42,MEDIUM
102013,NO,10.93,LOW
102014,NO,1.56,LOW
102015,YES,58.22,MEDIUM
102017,NO,36.9,LOW
102019,YES,82.89,HIGH
102022,YES,79.5,HIGH
102023,NO,40.29,MEDIUM
102027,NO,15.83,LOW
102028,NO,15.94,LOW
102046,NO,11.46,LOW
102047,NO,3.99,LOW
102049,NO,20.21,LOW
102051,NO,7.53,LOW
102055,NO,12.62,LOW
102059,NO,10.87,LOW
102062,NO,1.63,LOW
102067,NO,25.98,LOW
102069,NO,8.1,LOW
102071,YES,78.45,HIGH
102077,NO,22.21,LOW
102079,NO,3.79,LOW
102084,NO,3.49,LOW
102087,YES,91.23,HIGH
102092,YES,51.95,MEDIUM
102098,YES,67.25,MEDIUM
102104,NO,7.0,LOW
102109,NO,43.2,MEDIUM
102116,YES,64.32,MEDIUM
102123,NO,25.49,LOW
102125,NO,10.79,LOW
102128,NO,8.69,LOW
102132,NO,40.78,MEDIUM
102136,NO,10.95,LOW
102137,YES,84.89,HIGH
102140,NO,1.85,LOW
102141,NO,5.37,LOW
102143,YES,63.89,MEDIUM
102148,NO,15.74,LOW
102151,NO,33.03,LOW
102152,NO,25.11,LOW
102153,NO,3.85,LOW
102155,NO,2.72,LOW
102156,NO,36.58,LOW
102158,NO,35.16,LOW
102160,YES,53.06,MEDIUM
102163,NO,13.52,LOW
102164,NO,32.93,LOW
102165,NO,27.83,LOW
102168,NO,9.58,LOW
102175,NO,19.85,LOW
102188,NO,14.72,LOW
102190,YES,67.41,MEDIUM
102191,YES,53.99,MEDIUM
102192,NO,8.69,LOW
102193,NO,4.18,LOW
102194,YES,80.45,HIGH
102198,NO,0.75,LOW
102199,NO,43.04,MEDIUM
102202,NO,15.41,LOW
102205,YES,67.75,MEDIUM
102206,NO,2.74,LOW
102207,YES,94.92,HIGH
102209,YES,56.04,MEDIUM
102212,YES,57.13,MEDIUM
102213,YES,76.22,HIGH
102221,YES,77.65,HIGH
102225,NO,8.7,LOW
102227,NO,2.86,LOW
102228,NO,3.56,LOW
102233,NO,4.63,LOW
102234,NO,27.36,LOW
102238,NO,47.07,MEDIUM
102242,NO,41.92,MEDIUM
102245,YES,59.47,MEDIUM
102246,NO,46.0,MEDIUM
102247,NO,0.33,LOW
102249,NO,37.19,LOW
102260,NO,8.99,LOW
102261,NO,18.55,LOW
102262,YES,55.04,MEDIUM
102271,NO,29.11,LOW
102274,NO,40.8,MEDIUM
102275,YES,73.83,HIGH
102276,YES,92.61,HIGH
102282,NO,0.93,LOW
102286,NO,24.22,LOW
102290,NO,5.9,LOW
102292,YES,83.28,HIGH
102293,NO,2.09,LOW
102294,NO,8.0,LOW
102295,YES,56.54,MEDIUM
102296,NO,40.0,LOW
102298,NO,18.15,LOW
102300,NO,14.08,LOW
102301,NO,41.76,MEDIUM
102303,NO,5.48,LOW
102307,NO,6.14,LOW
102308,NO,7.93,LOW
102309,NO,18.74,LOW
102312,NO,2.04,LOW
102314,NO,5.32,LOW
102322,NO,18.78,LOW
102325,NO,34.1,LOW
102328,NO,27.43,LOW
102330,YES,55.69,MEDIUM
102332,NO,14.05,LOW
102334,NO,1.39,LOW
102335,NO,12.54,LOW
102342,NO,7.23,LOW
102346,NO,1.45,LOW
102347,NO,1.4,LOW
102351,YES,51.47,MEDIUM
102352,NO,12.29,LOW
102360,NO,16.23,LOW
102361,NO,6.94,LOW
102362,NO,44.04,MEDIUM
102364,NO,17.6,LOW
102366,NO,0.63,LOW
102369,NO,5.71,LOW
102373,YES,61.4,MEDIUM
102379,NO,14.46,LOW
102388,NO,1.71,LOW
102389,NO,2.04,LOW
102393,NO,5.84,LOW
102399,NO,3.84,LOW
102405,YES,77.54,HIGH
102407,NO,27.62,LOW
102422,NO,1.69,LOW
102430,NO,46.57,MEDIUM
102431,NO,6.67,LOW
102437,NO,3.69,LOW
102442,YES,67.44,MEDIUM
102443,NO,16.22,LOW
102447,NO,14.42,LOW
102450,YES,59.94,MEDIUM
102453,YES,88.39,HIGH
102455,NO,28.02,LOW
102456,NO,14.08,LOW
102459,NO,3.69,LOW
102461,NO,3.66,LOW
102464,NO,17.55,LOW
102472,YES,97.48,HIGH
102473,NO,47.28,MEDIUM
102477,NO,45.14,MEDIUM
102481,NO,15.33,LOW
102483,YES,95.51,HIGH
102484,NO,40.0,LOW
102488,NO,27.89,LOW
102490,NO,2.86,LOW
102492,YES,51.67,MEDIUM
102495,NO,5.04,LOW
102496,NO,24.81,LOW
102506,NO,19.86,LOW
102507,NO,30.6,LOW
102511,NO,22.04,LOW
102513,NO,38.53,LOW
102514,NO,0.16,LOW
102517,YES,79.39,HIGH
102526,NO,1.56,LOW
102527,NO,3.45,LOW
102529,YES,65.58,MEDIUM
102538,NO,18.17,LOW
102541,NO,20.16,LOW
102542,NO,42.47,MEDIUM
102545,NO,31.74,LOW
102546,NO,0.52,LOW
102547,NO,33.69,LOW
102551,NO,19.4,LOW
102552,NO,26.64,LOW
102554,YES,51.58,MEDIUM
102558,YES,82.77,HIGH
102560,NO,5.74,LOW
102563,NO,30.41,LOW
102565,NO,1.22,LOW
102567,NO,5.77,LOW
102571,NO,8.08,LOW
102572,NO,26.22,LOW
102578,NO,2.56,LOW
102580,NO,1.39,LOW
102581,NO,10.37,LOW
102584,NO,8.62,LOW
102586,YES,61.17,MEDIUM
102590,NO,0.4,LOW
102591,NO,1.34,LOW
102594,NO,15.49,LOW
102596,NO,2.84,LOW
102599,NO,9.13,LOW
102604,YES,86.05,HIGH
102605,NO,32.7,LOW
102610,YES,53.35,MEDIUM
102613,YES,58.6,MEDIUM
102618,NO,16.69,LOW
102621,NO,6.29,LOW
102624,NO,13.6,LOW
102625,NO,7.43,LOW
102628,YES,57.02,MEDIUM
102629,NO,13.55,LOW
102636,NO,22.17,LOW
102638,NO,7.96,LOW
102648,NO,38.62,LOW
102652,NO,8.84,LOW
102655,NO,11.09,LOW
102658,NO,19.08,LOW
102661,NO,34.26,LOW
102664,YES,50.94,MEDIUM
102665,NO,1.2,LOW
102666,NO,5.58,LOW
102667,YES,80.46,HIGH
102670,NO,37.6,LOW
102672,NO,13.25,LOW
102673,NO,6.12,LOW
102675,NO,38.03,LOW
102676,NO,0.22,LOW
102678,YES,63.98,MEDIUM
102680,NO,20.13,LOW
102681,NO,6.96,LOW
102683,NO,44.14,MEDIUM
102687,NO,1.48,LOW
102693,NO,11.81,LOW
102694,NO,8.7,LOW
102695,NO,1.06,LOW
102702,NO,27.43,LOW
102705,NO,16.56,LOW
102707,NO,16.85,LOW
102710,NO,9.81,LOW
102711,NO,4.3,LOW
102713,NO,31.62,LOW
102714,NO,2.28,LOW
102718,NO,34.93,LOW
102719,YES,84.25,HIGH
102721,NO,2.77,LOW
102728,NO,3.64,LOW
102729,YES,81.08,HIGH
102730,NO,26.16,LOW
102734,NO,3.0,LOW
102735,YES,71.63,HIGH
102736,NO,9.39,LOW
102748,YES,93.58,HIGH
102749,NO,7.09,LOW
102755,YES,87.88,HIGH
102760,YES,66.64,MEDIUM
102761,NO,1.87,LOW
102762,NO,23.83,LOW
102764,NO,1.07,LOW
102768,YES,56.61,MEDIUM
102769,NO,9.09,LOW
102771,NO,22.7,LOW
102775,NO,10.67,LOW
102776,NO,2.31,LOW
102778,NO,22.37,LOW
102788,NO,1.32,LOW
102790,NO,32.79,LOW
102791,NO,32.11,LOW
102794,NO,1.47,LOW
102796,NO,18.33,LOW
102798,YES,53.3,MEDIUM
102799,NO,3.28,LOW
102800,NO,8.74,LOW
102801,NO,1.35,LOW
102804,NO,13.1,LOW
102805,YES,76.26,HIGH
102806,NO,7.41,LOW
102807,YES,88.88,HIGH
102808,NO,6.4,LOW
102809,NO,1.9,LOW
102810,NO,48.3,MEDIUM
102813,NO,47.67,MEDIUM
102815,NO,22.6,LOW
102817,NO,3.7,LOW
102819,NO,4.7,LOW
102822,YES,71.62,HIGH
102823,YES,54.78,MEDIUM
102824,NO,1.11,LOW
102825,NO,3.85,LOW
102829,YES,88.97,HIGH
102832,YES,84.83,HIGH
102833,NO,24.11,LOW
102841,NO,16.34,LOW
102846,NO,20.86,LOW
102858,NO,3.82,LOW
102859,NO,11.08,LOW
102861,YES,86.53,HIGH
102862,NO,40.7,MEDIUM
102864,NO,16.81,LOW
102865,NO,23.53,LOW
102871,NO,23.81,LOW
102875,YES,58.07,MEDIUM
102876,NO,18.82,LOW
102877,NO,32.28,LOW
102878,YES,72.35,HIGH
102882,NO,11.85,LOW
102887,YES,79.77,HIGH
102891,NO,15.5,LOW
102892,NO,18.94,LOW
102893,NO,0.47,LOW
102902,NO,10.29,LOW
102911,NO,7.27,LOW
102915,NO,44.2,MEDIUM
102916,YES,77.01,HIGH
102920,NO,14.8,LOW
102924,NO,32.26,LOW
102931,YES,53.22,MEDIUM
102932,NO,2.5,LOW
102935,NO,14.57,LOW
102936,NO,18.55,LOW
102940,YES,57.76,MEDIUM
102941,NO,11.63,LOW
102943,NO,43.53,MEDIUM
102944,YES,86.34,HIGH
102946,NO,3.3,LOW
102949,YES,50.45,MEDIUM
102950,YES,88.48,HIGH
102951,NO,35.6,LOW
102953,NO,8.56,LOW
102957,NO,25.84,LOW
102959,YES,81.06,HIGH
102962,YES,76.9,HIGH
102964,NO,5.9,LOW
102965,NO,5.73,LOW
102967,NO,14.16,LOW
102969,NO,4.27,LOW
102972,NO,14.47,LOW
102973,NO,11.32,LOW
102974,NO,3.69,LOW
102979,NO,5.23,LOW
102980,YES,73.67,HIGH
102983,NO,29.06,LOW
102984,NO,0.73,LOW
102986,NO,17.06,LOW
102988,NO,2.12,LOW
102989,YES,84.84,HIGH
102993,YES,85.94,HIGH
102995,YES,59.99,MEDIUM
102999,NO,1.31,LOW
103001,NO,7.46,LOW
103004,NO,1.07,LOW
103006,NO,13.52,LOW
103012,YES,82.67,HIGH
103014,NO,23.67,LOW
103018,YES,70.07,HIGH
103019,NO,1.66,LOW
103020,NO,27.47,LOW
103021,NO,43.31,MEDIUM
103023,NO,21.57,LOW
103024,NO,16.63,LOW
103036,NO,45.55,MEDIUM
103041,YES,82.06,HIGH
103042,NO,22.01,LOW
103045,NO,24.43,LOW
103046,NO,21.53,LOW
103048,NO,16.05,LOW
103049,NO,1.59,LOW
103052,NO,2.64,LOW
103058,NO,2.84,LOW
103060,NO,16.35,LOW
103061,NO,33.55,LOW
103066,YES,83.74,HIGH
103067,NO,35.47,LOW
103077,NO,26.45,LOW
103079,NO,19.16,LOW
103080,NO,16.73,LOW
103081,YES,60.25,MEDIUM
103082,NO,24.62,LOW
103087,YES,79.14,HIGH
103088,NO,6.74,LOW
103089,NO,7.18,LOW
103090,NO,16.2,LOW
103092,NO,2.1,LOW
103096,YES,93.8,HIGH
103102,NO,8.58,LOW
103103,NO,6.26,LOW
103115,NO,1.02,LOW
103118,NO,37.92,LOW
103119,NO,10.28,LOW
103120,NO,3.4,LOW
103121,NO,2.46,LOW
103125,NO,10.88,LOW
103130,NO,3.73,LOW
103133,NO,6.49,LOW
103137,YES,90.82,HIGH
103140,NO,24.56,LOW
103141,YES,91.76,HIGH
103143,NO,3.89,LOW
103149,NO,2.16,LOW
103150,NO,33.22,LOW
103159,NO,2.11,LOW
103162,NO,21.93,LOW
103165,NO,24.32,LOW
103170,NO,32.96,LOW
103173,NO,1.19,LOW
103174,NO,4.93,LOW
103176,YES,83.87,HIGH
103178,YES,70.98,HIGH
103179,NO,45.48,MEDIUM
103182,NO,2.62,LOW
103183,NO,14.16,LOW
103186,NO,1.85,LOW
103187,NO,1.03,LOW
103192,NO,18.65,LOW
103195,NO,24.88,LOW
103202,NO,21.03,LOW
103203,YES,61.97,MEDIUM
103204,NO,4.36,LOW
103212,YES,94.88,HIGH
103216,YES,97.03,HIGH
103220,NO,18.84,LOW
103222,NO,45.51,MEDIUM
103224,NO,1.36,LOW
103229,NO,21.81,LOW
103231,NO,1.19,LOW
103245,YES,55.3,MEDIUM
103251,NO,0.84,LOW
103252,YES,80.81,HIGH
103254,NO,3.33,LOW
103255,NO,18.69,LOW
103261,NO,22.81,LOW
103262,NO,6.61,LOW
103265,YES,52.03,MEDIUM
103268,NO,3.87,LOW
103273,NO,13.38,LOW
103276,YES,84.98,HIGH
103279,NO,9.26,LOW
103280,NO,33.11,LOW
103283,NO,38.38,LOW
103284,NO,31.52,LOW
103289,NO,48.21,MEDIUM
103297,NO,43.27,MEDIUM
103300,NO,4.93,LOW
103303,NO,40.97,MEDIUM
103304,YES,89.89,HIGH
103307,NO,14.83,LOW
103309,NO,16.48,LOW
103313,YES,74.77,HIGH
103319,NO,3.32,LOW
103321,NO,28.56,LOW
103325,NO,2.1,LOW
103326,NO,33.2,LOW
103328,NO,7.18,LOW
103330,NO,0.67,LOW
103332,NO,13.09,LOW
103334,NO,14.49,LOW
103336,NO,6.34,LOW
103339,NO,21.34,LOW
103340,NO,23.88,LOW
103345,NO,25.58,LOW
103347,NO,12.03,LOW
103353,NO,18.09,LOW
103355,NO,27.24,LOW
103356,NO,20.6,LOW
103357,NO,15.19,LOW
103363,NO,8.34,LOW
103365,NO,15.02,LOW
103367,NO,9.51,LOW
103371,NO,1.63,LOW
103372,NO,1.19,LOW
103375,NO,4.82,LOW
103378,NO,1.68,LOW
103379,NO,39.28,LOW
103380,NO,15.05,LOW
103384,NO,7.81,LOW
103388,NO,19.42,LOW
103389,NO,35.61,LOW
103390,YES,60.27,MEDIUM
103393,NO,11.2,LOW
103400,NO,4.86,LOW
103403,NO,39.36,LOW
103406,NO,3.1,LOW
103408,YES,83.84,HIGH
103410,YES,90.49,HIGH
103413,NO,7.42,LOW
103414,YES,98.77,HIGH
103415,YES,63.17,MEDIUM
103419,YES,73.11,HIGH
103423,YES,64.26,MEDIUM
103427,NO,8.34,LOW
103430,NO,18.13,LOW
103435,NO,8.92,LOW
103438,NO,4.53,LOW
103440,NO,2.98,LOW
103443,NO,4.02,LOW
103445,NO,12.06,LOW
103449,YES,51.1,MEDIUM
103453,YES,81.05,HIGH
103455,NO,23.53,LOW
103457,YES,80.86,HIGH
103466,YES,79.06,HIGH
103470,NO,40.9,MEDIUM
103478,NO,37.02,LOW
103487,YES,96.95,HIGH
103490,NO,1.61,LOW
103491,NO,5.89,LOW
103497,YES,67.02,MEDIUM
103499,NO,6.98,LOW
103501,NO,7.19,LOW
103503,NO,37.24,LOW
103508,NO,35.32,LOW
103509,NO,1.73,LOW
103512,YES,93.46,HIGH
103522,NO,0.83,LOW
103526,NO,3.84,LOW
103527,NO,9.72,LOW
103532,YES,53.03,MEDIUM
103535,NO,25.94,LOW
103554,YES,71.42,HIGH
103555,NO,26.87,LOW
103561,NO,0.44,LOW
103568,NO,0.86,LOW
103570,NO,1.91,LOW
103571,NO,1.41,LOW
103573,YES,57.88,MEDIUM
103578,YES,92.63,HIGH
103585,NO,2.16,LOW
103586,NO,2.56,LOW
103588,NO,17.52,LOW
103593,YES,69.91,MEDIUM
103597,NO,38.86,LOW
103599,NO,2.36,LOW
103604,YES,96.36,HIGH
103605,YES,79.71,HIGH
103609,YES,69.27,MEDIUM
103610,NO,2.66,LOW
103613,YES,53.02,MEDIUM
103616,YES,86.33,HIGH
103617,YES,55.38,MEDIUM
103622,YES,85.8,HIGH
103623,NO,2.77,LOW
103626,NO,37.51,LOW
103627,NO,3.58,LOW
103628,NO,7.38,LOW
103630,NO,0.84,LOW
103633,NO,10.25,LOW
103638,NO,7.2,LOW
103639,NO,0.42,LOW
103640,NO,38.45,LOW
103645,YES,95.37,HIGH
103648,NO,14.81,LOW
103649,NO,1.57,LOW
103651,YES,61.63,MEDIUM
103653,NO,6.19,LOW
103655,NO,28.04,LOW
103661,NO,2.44,LOW
103662,NO,5.99,LOW
103665,NO,33.66,LOW
103666,NO,10.41,LOW
103667,NO,10.61,LOW
103671,NO,5.66,LOW
103678,NO,4.71,LOW
103684,YES,52.69,MEDIUM
103688,YES,60.09,MEDIUM
103689,NO,3.89,LOW
103692,NO,12.24,LOW
103695,NO,0.9,LOW
103698,NO,22.91,LOW
103699,NO,1.73,LOW
103701,YES,87.87,HIGH
103705,NO,7.32,LOW
103706,NO,43.69,MEDIUM
103712,NO,14.93,LOW
103716,NO,38.78,LOW
103717,NO,12.25,LOW
103718,YES,95.28,HIGH
103720,NO,5.56,LOW
103721,NO,19.94,LOW
103722,YES,76.06,HIGH
103731,NO,3.75,LOW
103748,NO,4.31,LOW
103749,NO,22.57,LOW
103754,NO,2.8,LOW
103755,NO,36.39,LOW
103757,NO,12.75,LOW
103764,YES,85.13,HIGH
103771,NO,1.3,LOW
103778,NO,22.71,LOW
103782,NO,43.15,MEDIUM
103783,NO,21.17,LOW
103788,NO,1.57,LOW
103789,NO,24.23,LOW
103790,YES,74.23,HIGH
103792,YES,87.74,HIGH
103798,NO,31.95,LOW
103800,NO,24.1,LOW
103803,NO,4.48,LOW
103804,YES,63.83,MEDIUM
103805,NO,7.86,LOW
103806,NO,0.17,LOW
103807,NO,4.09,LOW
103810,NO,1.68,LOW
103816,YES,88.28,HIGH
103817,NO,0.37,LOW
103828,NO,9.98,LOW
103829,NO,32.07,LOW
103830,NO,3.21,LOW
103832,NO,2.1,LOW
103835,NO,40.91,MEDIUM
103838,NO,7.53,LOW
103839,NO,5.16,LOW
103841,YES,76.96,HIGH
103845,NO,7.45,LOW
103853,NO,3.44,LOW
103855,YES,54.44,MEDIUM
103856,NO,1.51,LOW
103859,YES,84.9,HIGH
103866,NO,8.84,LOW
103867,YES,92.39,HIGH
103868,NO,30.33,LOW
103873,NO,45.26,MEDIUM
103874,YES,69.28,MEDIUM
103877,NO,15.42,LOW
103880,NO,10.26,LOW
103883,YES,80.7,HIGH
103887,NO,10.82,LOW
103891,YES,60.59,MEDIUM
103894,YES,80.0,HIGH
103896,YES,85.2,HIGH
103898,NO,8.5,LOW
103901,YES,87.24,HIGH
103903,NO,24.75,LOW
103904,NO,8.84,LOW
103905,YES,88.03,HIGH
103914,YES,94.61,HIGH
103916,NO,0.67,LOW
103918,NO,15.43,LOW
103920,NO,24.19,LOW
103921,NO,34.67,LOW
103922,NO,2.26,LOW
103924,YES,97.31,HIGH
103927,NO,6.14,LOW
103932,NO,15.06,LOW
103933,YES,76.21,HIGH
103940,NO,36.47,LOW
103948,NO,25.91,LOW
103949,NO,6.32,LOW
103951,NO,29.64,LOW
103957,NO,46.27,MEDIUM
103959,NO,42.32,MEDIUM
103961,YES,65.24,MEDIUM
103962,NO,6.12,LOW
103963,NO,1.07,LOW
103964,NO,5.8,LOW
103967,NO,17.93,LOW
103972,NO,0.41,LOW
103973,NO,27.11,LOW
103978,YES,76.47,HIGH
103981,YES,82.53,HIGH
103983,NO,8.07,LOW
103985,YES,71.07,HIGH
103992,NO,41.57,MEDIUM
103993,NO,28.34,LOW
103994,YES,85.87,HIGH
103996,NO,0.63,LOW
103997,NO,8.01,LOW
103998,NO,4.5,LOW
103999,NO,44.86,MEDIUM
104000,YES,56.65,MEDIUM
104011,NO,3.27,LOW
104012,NO,10.23,LOW
104015,NO,15.04,LOW
104019,YES,53.92,MEDIUM
104021,NO,2.14,LOW
104022,NO,27.2,LOW
104023,NO,4.02,LOW
104024,NO,10.86,LOW
104025,YES,75.45,HIGH
104030,NO,7.36,LOW
104031,NO,4.22,LOW
104038,NO,7.36,LOW
104040,NO,16.06,LOW
104050,NO,1.94,LOW
104051,NO,3.7,LOW
104054,NO,22.63,LOW
104064,NO,47.7,MEDIUM
104071,NO,3.04,LOW
104076,NO,43.92,MEDIUM
104081,NO,11.58,LOW
104084,NO,5.38,LOW
104085,NO,0.33,LOW
104087,NO,19.13,LOW
104088,NO,2.18,LOW
104090,YES,79.87,HIGH
104092,NO,27.19,LOW
104093,NO,0.79,LOW
104097,NO,0.91,LOW
104100,NO,1.57,LOW
104103,NO,11.81,LOW
104112,YES,51.32,MEDIUM
104115,NO,3.27,LOW
104116,NO,34.52,LOW
104117,NO,8.15,LOW
104120,YES,55.26,MEDIUM
104121,NO,40.55,MEDIUM
104125,YES,50.15,MEDIUM
104127,NO,10.41,LOW
104133,NO,9.4,LOW
104140,NO,46.61,MEDIUM
104152,NO,20.84,LOW
104154,NO,3.83,LOW
104156,NO,7.62,LOW
104157,NO,19.42,LOW
104160,NO,13.1,LOW
104161,NO,19.91,LOW
104162,NO,6.64,LOW
104163,YES,82.77,HIGH
104164,NO,12.85,LOW
104165,NO,49.75,MEDIUM
104167,NO,14.69,LOW
104168,NO,0.45,LOW
104169,NO,0.81,LOW
104180,YES,66.59,MEDIUM
104181,YES,65.55,MEDIUM
104182,NO,41.75,MEDIUM
104185,YES,70.21,HIGH
104195,NO,6.15,LOW
104198,NO,16.95,LOW
104204,NO,17.93,LOW
104207,YES,81.55,HIGH
104213,YES,78.61,HIGH
104214,NO,0.81,LOW
104219,NO,38.37,LOW
104220,NO,23.2,LOW
104223,YES,73.92,HIGH
104225,YES,68.57,MEDIUM
104229,NO,19.16,LOW
104230,NO,9.16,LOW
104237,NO,28.8,LOW
104243,YES,74.14,HIGH
104248,NO,0.91,LOW
104250,YES,58.13,MEDIUM
104254,YES,55.68,MEDIUM
104255,NO,1.07,LOW
104257,NO,3.37,LOW
104259,NO,11.7,LOW
104260,YES,65.03,MEDIUM
104263,NO,4.64,LOW
104281,NO,1.34,LOW
104283,NO,36.69,LOW
104285,YES,56.76,MEDIUM
104286,NO,28.65,LOW
104291,NO,45.38,MEDIUM
104293,NO,4.98,LOW
104298,NO,1.79,LOW
104303,NO,0.69,LOW
104304,YES,95.39,HIGH
104306,NO,2.38,LOW
104309,NO,39.17,LOW
104311,NO,27.01,LOW
104316,NO,5.42,LOW
104317,NO,1.0,LOW
104321,NO,26.74,LOW
104322,NO,29.39,LOW
104325,NO,2.54,LOW
104326,NO,37.91,LOW
104329,NO,2.2,LOW
104332,YES,53.12,MEDIUM
104336,NO,15.12,LOW
104338,NO,37.12,LOW
104339,NO,16.64,LOW
104340,NO,5.99,LOW
104341,NO,10.29,LOW
104342,NO,1.85,LOW
104347,NO,6.53,LOW
104349,NO,22.29,LOW
104352,NO,33.45,LOW
104353,NO,28.47,LOW
104354,NO,1.87,LOW
104358,NO,11.66,LOW
104359,YES,59.06,MEDIUM
104361,NO,2.82,LOW
104362,NO,26.56,LOW
104364,YES,81.82,HIGH
104367,NO,5.25,LOW
104370,NO,12.36,LOW
104386,NO,27.29,LOW
104389,NO,10.51,LOW
104390,NO,0.53,LOW
104394,NO,17.65,LOW
104396,NO,47.75,MEDIUM
104400,NO,8.11,LOW
104401,NO,36.17,LOW
104402,YES,55.58,MEDIUM
104409,NO,2.19,LOW
104412,NO,4.43,LOW
104419,YES,75.22,HIGH
104422,NO,48.16,MEDIUM
104423,NO,5.94,LOW
104424,YES,72.86,HIGH
104429,NO,17.66,LOW
104435,NO,1.86,LOW
104440,NO,48.09,MEDIUM
104445,YES,83.43,HIGH
104446,NO,38.62,LOW
104451,YES,51.09,MEDIUM
104452,NO,25.65,LOW
104454,NO,32.63,LOW
104456,YES,85.74,HIGH
104458,YES,56.63,MEDIUM
104468,NO,8.99,LOW
104471,NO,30.5,LOW
104474,NO,19.44,LOW
104477,NO,33.4,LOW
104478,NO,15.85,LOW
104479,NO,32.2,LOW
104480,YES,54.88,MEDIUM
104483,NO,22.83,LOW
104485,NO,13.01,LOW
104486,YES,54.69,MEDIUM
104490,NO,28.92,LOW
104492,NO,5.8,LOW
104498,NO,37.53,LOW
104503,NO,25.72,LOW
104506,YES,64.63,MEDIUM
104507,NO,36.64,LOW
104511,NO,19.47,LOW
104513,NO,3.87,LOW
104515,NO,11.43,LOW
104518,YES,66.11,MEDIUM
104522,NO,0.17,LOW
104526,YES,87.63,HIGH
104527,YES,53.47,MEDIUM
104529,NO,23.17,LOW
104531,NO,5.44,LOW
104533,NO,3.32,LOW
104536,NO,7.61,LOW
104538,YES,74.51,HIGH
104539,NO,44.72,MEDIUM
104542,NO,9.62,LOW
104544,YES,53.84,MEDIUM
104545,YES,69.47,MEDIUM
104546,YES,86.9,HIGH
104547,NO,6.66,LOW
104548,YES,75.21,HIGH
104549,YES,83.73,HIGH
104550,NO,1.76,LOW
104556,NO,21.28,LOW
104559,NO,35.13,LOW
104565,YES,71.24,HIGH
104569,YES,92.6,HIGH
104573,NO,7.43,LOW
104574,NO,43.96,MEDIUM
104576,YES,81.38,HIGH
104577,YES,93.74,HIGH
104579,NO,30.8,LOW
104583,NO,11.98,LOW
104585,YES,95.51,HIGH
104588,NO,21.11,LOW
104590,YES,86.42,HIGH
104591,YES,97.84,HIGH
104593,YES,50.88,MEDIUM
104599,YES,67.62,MEDIUM
104603,NO,2.28,LOW
104606,NO,0.71,LOW
104607,NO,9.19,LOW
104608,NO,9.78,LOW
104612,NO,12.78,LOW
104615,YES,92.2,HIGH
104619,NO,12.47,LOW
104620,NO,2.47,LOW
104624,YES,88.3,HIGH
104626,NO,30.17,LOW
104627,NO,8.45,LOW
104628,NO,3.6,LOW
104634,NO,16.36,LOW
104635,YES,70.33,HIGH
104636,NO,0.43,LOW
104637,NO,0.87,LOW
104638,NO,45.21,MEDIUM
104640,YES,83.93,HIGH
104642,NO,8.09,LOW
104643,NO,9.69,LOW
104647,NO,0.96,LOW
104649,NO,7.53,LOW
104650,YES,53.82,MEDIUM
104653,YES,83.73,HIGH
104658,NO,11.33,LOW
104659,NO,25.1,LOW
104660,NO,18.3,LOW
104666,NO,19.1,LOW
104674,NO,42.44,MEDIUM
104676,NO,47.95,MEDIUM
104677,NO,15.38,LOW
104679,YES,71.44,HIGH
104682,NO,9.33,LOW
104683,NO,16.99,LOW
104684,NO,1.07,LOW
104685,NO,1.33,LOW
104687,NO,8.74,LOW
104688,YES,56.6,MEDIUM
104694,NO,9.38,LOW
104701,YES,59.35,MEDIUM
104702,YES,89.47,HIGH
104704,NO,27.59,LOW
104711,NO,6.61,LOW
104712,YES,55.22,MEDIUM
104714,NO,17.42,LOW
104716,NO,1.17,LOW
104719,NO,2.49,LOW
104720,NO,26.03,LOW
104721,NO,13.61,LOW
104723,NO,43.25,MEDIUM
104733,YES,61.95,MEDIUM
104734,NO,10.81,LOW
104744,NO,8.56,LOW
104748,NO,12.06,LOW
104749,NO,5.5,LOW
104753,NO,9.76,LOW
104757,NO,10.55,LOW
104759,NO,19.75,LOW
104764,NO,19.37,LOW
104769,NO,13.79,LOW
104772,NO,2.84,LOW
104776,YES,79.42,HIGH
104782,NO,41.64,MEDIUM
104783,NO,3.8,LOW
104785,NO,7.41,LOW
104786,NO,9.59,LOW
104798,NO,36.26,LOW
104799,NO,9.66,LOW
104807,NO,0.87,LOW
104809,NO,31.66,LOW
104810,YES,78.88,HIGH
104811,NO,13.42,LOW
104814,NO,21.72,LOW
104816,YES,77.0,HIGH
104820,NO,0.29,LOW
104824,NO,33.41,LOW
104827,YES,92.27,HIGH
104829,NO,38.95,LOW
104830,NO,27.15,LOW
104831,NO,22.25,LOW
104838,NO,12.38,LOW
104841,NO,4.64,LOW
104843,NO,38.72,LOW
104849,NO,1.47,LOW
104854,NO,19.37,LOW
104855,NO,21.37,LOW
104857,NO,10.09,LOW
104862,NO,9.88,LOW
104863,YES,70.49,HIGH
104866,NO,24.88,LOW
104870,YES,90.04,HIGH
104875,YES,72.53,HIGH
104877,NO,5.06,LOW
104878,NO,6.73,LOW
104879,NO,13.86,LOW
104882,NO,1.9,LOW
104887,NO,8.13,LOW
104888,YES,71.5,HIGH
104889,NO,1.71,LOW
104890,NO,0.72,LOW
104894,NO,3.61,LOW
104896,NO,8.92,LOW
104901,NO,6.36,LOW
104902,NO,2.96,LOW
104903,NO,1.95,LOW
104904,NO,23.88,LOW
104905,NO,17.28,LOW
104909,NO,32.27,LOW
104912,NO,21.17,LOW
104913,NO,3.75,LOW
104914,YES,55.05,MEDIUM
104918,NO,19.98,LOW
104923,YES,86.72,HIGH
104927,NO,0.82,LOW
104929,NO,46.28,MEDIUM
104930,NO,1.43,LOW
104931,YES,93.8,HIGH
104933,YES,52.68,MEDIUM
104935,NO,13.02,LOW
104939,NO,10.13,LOW
104947,NO,4.08,LOW
104949,NO,8.0,LOW
104951,NO,3.28,LOW
104953,NO,9.74,LOW
104955,NO,14.84,LOW
104956,YES,53.77,MEDIUM
104957,NO,32.03,LOW
104961,NO,0.93,LOW
104962,NO,10.59,LOW
104967,YES,55.76,MEDIUM
104968,YES,87.97,HIGH
104969,YES,55.34,MEDIUM
104974,NO,18.99,LOW
104977,YES,52.65,MEDIUM
104979,NO,32.69,LOW
104980,NO,7.75,LOW
104982,YES,85.68,HIGH
104983,NO,4.12,LOW
104986,NO,15.92,LOW
104989,NO,3.48,LOW
104993,NO,19.62,LOW
